{"room_size": 0.7375018466958682, "damping": 0.6590531024320955, "width": 0.7029417480017349, "scale": 0.28256608837642966}