{"room_size": 0.7397955712354103, "damping": 0.6585832266424816, "width": 0.0, "scale": 0.43424020097557453}