{"room_size": 0.2880137584726242, "damping": 1.0, "width": 0.0, "scale": 0.7930036177014382}