{"room_size": 0.2825792016131843, "damping": 1.0, "width": 1.0, "scale": 0.4155386814473019}