{"room_size": 15.356870550128331, "reverberation_time_s": 0.1, "lows_cutoff_frequency_hz": 20000.0, "lows_q_factor": 0.44228293287940307, "lows_gain_db_s": -73.76913729970987, "highs_cutoff_frequency_hz": 3268.075354123546, "highs_q_factor": 0.6069034714962713, "highs_gain_db_s": -80.0, "dry_wet": 0.9968542068740327, "fade_in_time_s": 4.23890658330227}