{"room_size": 10.345894978135432, "reverberation_time_s": 0.1, "lows_cutoff_frequency_hz": 9498.86714023547, "lows_q_factor": 0.7242110768737944, "lows_gain_db_s": -80.0, "highs_cutoff_frequency_hz": 4181.1153846868165, "highs_q_factor": 0.7495173727099107, "highs_gain_db_s": -80.0, "dry_wet": 0.9444192249167912, "fade_in_time_s": 8.16782351254498}