{"room_size": 1.1537424706342685, "reverberation_time_s": 0.1, "lows_cutoff_frequency_hz": 16425.35413213166, "lows_q_factor": 0.7016775540093654, "lows_gain_db_s": -32.519612669803884, "highs_cutoff_frequency_hz": 7587.343008686814, "highs_q_factor": 0.4107787450624546, "highs_gain_db_s": -80.0, "dry_wet": 0.7040875714136868, "fade_in_time_s": 1.858779642130777}