{"loss_end_value": 4.895682330117534, "parameters": {"output_mode": "Stereo", "source_gain_db": 0, "render_line_of_sight": false, "source_x": 0.5, "source_y": 0.75, "source_z": 0.5, "listener_x": 0.7, "listener_y": 0.2, "listener_z": 0.5, "listener_pitch": 0.0, "listener_yaw": 0.0, "listener_roll": 0.0, "dimensions_x_m": 1, "dimensions_y_m": 2, "dimensions_z_m": 2, "125hz_wall_x_0": 0.03365462702262392, "250hz_wall_x_0": 0.0, "500hz_wall_x_0": 0.04806991573537539, "1000hz_wall_x_0": 0.08398895140770701, "2000hz_wall_x_0": 0.19670160280295573, "4000hz_wall_x_0": 0.23339300843665828, "8000hz_wall_x_0": 0.23339300843665828, "16000hz_wall_x_0": 0.23339300843665828, "125hz_wall_x_1": 0.08378726653675261, "250hz_wall_x_1": 0.0, "500hz_wall_x_1": 0.0, "1000hz_wall_x_1": 0.0, "2000hz_wall_x_1": 0.0, "4000hz_wall_x_1": 0.0, "8000hz_wall_x_1": 0.0, "16000hz_wall_x_1": 0.0, "125hz_wall_y_0": 0.07366952612112301, "250hz_wall_y_0": 0.0, "500hz_wall_y_0": 0.0, "1000hz_wall_y_0": 0.0, "2000hz_wall_y_0": 0.0, "4000hz_wall_y_0": 0.004260213062316609, "8000hz_wall_y_0": 0.004260213062316609, "16000hz_wall_y_0": 0.004260213062316609, "125hz_wall_y_1": 0.19704528542920033, "250hz_wall_y_1": 0.19670725516075058, "500hz_wall_y_1": 0.1616909595800453, "1000hz_wall_y_1": 0.08818001386594615, "2000hz_wall_y_1": 0.04292160297049197, "4000hz_wall_y_1": 0.016018938705845698, "8000hz_wall_y_1": 0.016018938705845698, "16000hz_wall_y_1": 0.016018938705845698, "125hz_wall_z_0": 0.11207714052031606, "250hz_wall_z_0": 0.13538567004548133, "500hz_wall_z_0": 0.2847523577619142, "1000hz_wall_z_0": 0.33665550053325993, "2000hz_wall_z_0": 0.43235338895135134, "4000hz_wall_z_0": 0.454012263812943, "8000hz_wall_z_0": 0.454012263812943, "16000hz_wall_z_0": 0.454012263812943, "125hz_wall_z_1": 0.07722737541472752, "250hz_wall_z_1": 0.0, "500hz_wall_z_1": 0.0, "1000hz_wall_z_1": 0.0, "2000hz_wall_z_1": 0.0, "4000hz_wall_z_1": 0.001651804661435774, "8000hz_wall_z_1": 0.001651804661435774, "16000hz_wall_z_1": 0.001651804661435774}}