{"room_size": 0.6154678983549743, "damping": 1.0, "width": 1.0, "scale": 0.20286017740743853}