{"room_size": 0.6822915288079222, "damping": 0.3909141343328286, "width": 0.7904536253960728, "scale": 0.07430163467300345}