{"room_size": 0.7553485155408387, "damping": 0.6024069652341617, "width": 0.0, "scale": 0.25908504424195233}