{"room_size": 0.5725420023742296, "damping": 0.29472744522273275, "width": 0.0, "scale": 0.09740083690592218}