{"room_size": 0.629575575572453, "damping": 0.25827514363602644, "width": 0.28127913025275464, "scale": 0.06954220693316923}