{"room_size": 0.685758732396964, "damping": 0.40987108316652726, "width": 0.0, "scale": 0.12381690812516508}