{"room_size": 0.7481523373483004, "damping": 0.6267582778470824, "width": 0.0, "scale": 0.28079407681920354}