{"room_size": 0.631311349554593, "damping": 0.3704208940772661, "width": 0.0, "scale": 0.11612656848147358}