{"room_size": 0.6100379129198107, "damping": 0.2831705091937448, "width": 0.0, "scale": 0.09629553844820578}