{"room_size": 0.4509406121945683, "damping": 0.3075767894502067, "width": 1.0, "scale": 0.07212399956306116}