{"room_size": 0.7046641643607142, "damping": 0.5603938242380054, "width": 0.0, "scale": 0.22772814143151723}