{"room_size": 0.7223383008143973, "damping": 0.5435261674126873, "width": 0.283979503741281, "scale": 0.1568270513123827}