{"room_size": 0.7317243074391341, "damping": 0.6272090444708617, "width": 1.0, "scale": 0.15896214417489454}