{"room_size": 0.6804092947337284, "damping": 0.35877614504252886, "width": 0.0, "scale": 0.13297863589833453}