{"room_size": 0.7500059095000662, "damping": 0.629867888698983, "width": 0.7410027506146801, "scale": 0.168096530458013}