{"room_size": 0.6802314216254847, "damping": 0.4403115843367508, "width": 0.0, "scale": 0.15389734950013945}