{"room_size": 0.7243250315669698, "damping": 0.5433329127657879, "width": 0.0, "scale": 0.21030843661030899}