{"room_size": 0.6942096319452327, "damping": 0.44512717814206837, "width": 0.0, "scale": 0.14749834351019883}