{"room_size": 0.7236815488545145, "damping": 0.5640168957028796, "width": 0.0, "scale": 0.20071358211315293}