{"room_size": 0.5396364445817212, "damping": 0.31706225041411357, "width": 1.0, "scale": 0.05121303809287294}