{"room_size": 0.629624799850105, "damping": 0.3324280632011942, "width": 1.0, "scale": 0.061488837276066514}