{"room_size": 0.6878265831945453, "damping": 0.3700163630804881, "width": 0.0, "scale": 0.10718720981368064}