{"room_size": 0.6598629187864838, "damping": 0.3395047589409056, "width": 0.1965296538075754, "scale": 0.08283356760617451}