{"room_size": 0.7154643308229709, "damping": 0.3716124501522683, "width": 0.4071751870700911, "scale": 0.08233660776846548}