{"room_size": 0.695538883392176, "damping": 0.39641629144385926, "width": 0.0, "scale": 0.12424723363496844}