{"room_size": 0.6586671149707826, "damping": 0.2785794361685658, "width": 0.00030128349934331296, "scale": 0.09262401821831004}