{"room_size": 0.6410445308628262, "damping": 0.23415931128650372, "width": 0.24715506548917435, "scale": 0.05757188432588258}