{"room_size": 0.5858583910555031, "damping": 0.2369300996991761, "width": 0.0, "scale": 0.08922092599824523}