{"room_size": 0.5772296844440526, "damping": 0.2577597141760887, "width": 0.0, "scale": 0.09902850663155706}