{"room_size": 0.7347180061621673, "damping": 0.6354316286125276, "width": 0.8120580602413306, "scale": 0.27919628074098585}