{"room_size": 0.6333286045020153, "damping": 0.22187577921468016, "width": 0.0, "scale": 0.07841165989174315}