{"room_size": 0.7146554831808253, "damping": 0.5524980672211943, "width": 0.4471897345705858, "scale": 0.14982860280386734}