{"room_size": 0.6736065944922559, "damping": 0.3727382096434584, "width": 0.0, "scale": 0.13373992219337738}