{"room_size": 0.7395097073425956, "damping": 0.6262631993120449, "width": 0.0, "scale": 0.5120716024711691}