{"room_size": 0.7412553753246913, "damping": 0.5142977065408342, "width": 0.0, "scale": 0.1734412516865031}