{"room_size": 0.041229392714468065, "damping": 1.0, "width": 0.39225082325606125, "scale": 0.38150676745643575}