{"room_size": 0.023963259726649224, "damping": 0.5894783102348399, "width": 0.0, "scale": 0.006326741422883816}