{"room_size": 0.0, "damping": 0.9569205287473115, "width": 0.0, "scale": 0.00923781946159845}