{"room_size": 0.0, "damping": 1.0, "width": 0.9404941822594062, "scale": 0.02786344204709252}