{"room_size": 0.032021359023855854, "damping": 0.3632895254246207, "width": 0.25262868078990663, "scale": 0.0030470120629858513}