{"room_size": 0.0, "damping": 0.6492935759259783, "width": 0.0, "scale": 0.003919335744089899}