{"room_size": 0.0, "damping": 0.39654195757469474, "width": 0.0, "scale": 0.006706674011170719}