{"room_size": 5.24183636378786, "reverberation_time_s": 2.6541594761409475, "lows_cutoff_frequency_hz": 17697.166725529343, "lows_q_factor": 0.3057451390655861, "lows_gain_db_s": -75.35433229793883, "highs_cutoff_frequency_hz": 5124.36228536455, "highs_q_factor": 0.6862932570448813, "highs_gain_db_s": -41.512619382344894, "dry_wet": 0.8993718529409188, "fade_in_time_s": 0.6701482642639731}