{"room_size": 30.0, "reverberation_time_s": 1.6958455372243444, "lows_cutoff_frequency_hz": 9772.197420213342, "lows_q_factor": 0.6551460541051429, "lows_gain_db_s": -29.15060523486828, "highs_cutoff_frequency_hz": 12331.322008948662, "highs_q_factor": 0.01, "highs_gain_db_s": -80.0, "dry_wet": 0.945263062246103, "fade_in_time_s": 0.18011010329504715}