{"room_size": 30.0, "reverberation_time_s": 0.1, "lows_cutoff_frequency_hz": 15119.395240241822, "lows_q_factor": 0.8418478644099705, "lows_gain_db_s": -41.3412691363955, "highs_cutoff_frequency_hz": 20.0, "highs_q_factor": 0.6880034946849677, "highs_gain_db_s": -80.0, "dry_wet": 0.9805462973486473, "fade_in_time_s": 8.984593380309335}