{"room_size": 0.5391372497102581, "damping": 1.0, "width": 1.0, "scale": 0.05415201842623172}