{"room_size": 0.5647885033126853, "damping": 1.0, "width": 0.0, "scale": 0.1581278519902468}