{"room_size": 0.47217764186516886, "damping": 0.6671417532926412, "width": 0.7277152503060297, "scale": 0.06719776025181305}