{"room_size": 0.4710788163660621, "damping": 1.0, "width": 0.0, "scale": 0.10394495023724558}