{"room_size": 0.5774473190777524, "damping": 1.0, "width": 0.252067700197035, "scale": 0.17070308563056788}