{"room_size": 0.7440517366208222, "damping": 0.656675038179454, "width": 0.0, "scale": 0.4440218303569285}