{"room_size": 0.7417791963197146, "damping": 0.6284256525481131, "width": 1.0, "scale": 0.214268991056965}