{"room_size": 0.5043097348355233, "damping": 1.0, "width": 0.7144274334957228, "scale": 0.8025701421922141}