{"room_size": 0.2454550939628132, "damping": 0.0, "width": 0.0, "scale": 0.06982045787126516}