{"room_size": 0.37328699438766066, "damping": 0.6529047787774659, "width": 0.7998371824672903, "scale": 0.21632835890433014}