{"room_size": 0.37940940429415837, "damping": 0.6402331226376643, "width": 0.22645748587426198, "scale": 0.3100788810632057}