{"room_size": 0.3145932680684102, "damping": 0.148564367263941, "width": 0.0, "scale": 0.06185927882393182}