{"room_size": 0.27500711768046554, "damping": 0.19315981666872178, "width": 0.0, "scale": 0.10002015120741195}