{"room_size": 0.41854090041138764, "damping": 0.3571214384552697, "width": 1.0, "scale": 0.0455465700634071}