{"room_size": 0.4505327004806811, "damping": 1.0, "width": 0.7072427175218122, "scale": 0.6124482776721388}