{"room_size": 0.29217569560313716, "damping": 0.0, "width": 0.0, "scale": 0.07614877715851234}