{"room_size": 0.38144267080886113, "damping": 0.6480267896313215, "width": 0.3313526868530101, "scale": 0.3487858854186319}