{"room_size": 0.49832955329790374, "damping": 1.0, "width": 0.7131356670120667, "scale": 0.8347225768768067}