{"room_size": 0.36036681288355576, "damping": 0.4909087302107135, "width": 0.0, "scale": 0.28630465729162413}