{"room_size": 0.3878448272010113, "damping": 0.26196453220537763, "width": 0.5849969273074357, "scale": 0.05641384570930488}