{"room_size": 0.369515710008949, "damping": 0.589620375112103, "width": 0.0, "scale": 0.3796716961304029}