{"room_size": 0.4618838775885669, "damping": 1.0, "width": 0.5830818490494306, "scale": 0.9604025698314285}