{"room_size": 0.4820594966491456, "damping": 1.0, "width": 0.9339387401364946, "scale": 0.5123043872106658}