{"room_size": 0.4264523978882818, "damping": 1.0, "width": 0.30932638117469974, "scale": 0.863333894782803}