{"room_size": 0.4443379589707157, "damping": 1.0, "width": 0.429422102618844, "scale": 0.7018216612908269}