{"room_size": 0.34712469899085124, "damping": 0.4711996848684453, "width": 0.12300326266692732, "scale": 0.30399981611995747}