{"room_size": 0.3816175949698837, "damping": 1.0, "width": 0.16978997904800894, "scale": 0.8741599653594461}