{"room_size": 0.3934096340458951, "damping": 0.6304490846047065, "width": 0.5263701042490133, "scale": 0.24667306943765588}