{"room_size": 0.6104324287983763, "damping": 1.0, "width": 0.0, "scale": 0.43685033051856026}