{"room_size": 0.6140335107799502, "damping": 1.0, "width": 0.5643294298311784, "scale": 0.26621923998287245}