{"room_size": 0.049324948976345755, "damping": 1.0, "width": 0.7691828042525993, "scale": 0.2904252250796807}