{"room_size": 0.2954121602698737, "damping": 1.0, "width": 0.6667549010981225, "scale": 0.4983969497566319}