{"room_size": 0.2933914105748327, "damping": 1.0, "width": 0.21420664133401765, "scale": 0.6910654192644169}