{"room_size": 0.2751299082091312, "damping": 1.0, "width": 0.9151069017247618, "scale": 0.4189086083998102}