{"room_size": 0.27702879632223903, "damping": 1.0, "width": 0.8349514747233642, "scale": 0.432069320281061}