{"room_size": 6.2693797133525555, "reverberation_time_s": 6.892543832061768, "lows_cutoff_frequency_hz": 20000.0, "lows_q_factor": 0.01, "lows_gain_db_s": -80.0, "highs_cutoff_frequency_hz": 10124.836885340244, "highs_q_factor": 0.46394682343947313, "highs_gain_db_s": -80.0, "fade_in_time_s": 1.0711528005040258, "scale": 0.8351458990877649}