{"room_size": 2.6277807422364274, "reverberation_time_s": 4.456848349121115, "lows_cutoff_frequency_hz": 2940.3201337079, "lows_q_factor": 0.01, "lows_gain_db_s": -51.5952622760034, "highs_cutoff_frequency_hz": 9495.421949892778, "highs_q_factor": 0.21895173244541585, "highs_gain_db_s": -79.89678655436431, "fade_in_time_s": 0.0, "scale": 1.0}