{"room_size": 14.95632201531021, "reverberation_time_s": 2.118443805162409, "lows_cutoff_frequency_hz": 19692.275395403783, "lows_q_factor": 0.01, "lows_gain_db_s": -73.60659488984291, "highs_cutoff_frequency_hz": 13903.206596202539, "highs_q_factor": 0.45734219364923717, "highs_gain_db_s": -52.79815368250478, "fade_in_time_s": 7.896549816852133, "scale": 0.7031132468095687}