{"room_size": 10.516160685036532, "reverberation_time_s": 5.1016977661380345, "lows_cutoff_frequency_hz": 20000.0, "lows_q_factor": 0.01, "lows_gain_db_s": -80.0, "highs_cutoff_frequency_hz": 7767.0548297055875, "highs_q_factor": 0.7258153612850471, "highs_gain_db_s": -80.0, "fade_in_time_s": 0.0, "scale": 0.6019717199121648}