{"room_size": 2.8610512902083176, "reverberation_time_s": 0.690731520332085, "lows_cutoff_frequency_hz": 17286.525228886654, "lows_q_factor": 0.01, "lows_gain_db_s": -80.0, "highs_cutoff_frequency_hz": 15118.302600500521, "highs_q_factor": 0.37150299039264123, "highs_gain_db_s": -76.79067802445734, "fade_in_time_s": 2.5547902595394683, "scale": 0.9599850594360767}