{"room_size": 30.0, "reverberation_time_s": 6.414333707298545, "lows_cutoff_frequency_hz": 20000.0, "lows_q_factor": 0.01, "lows_gain_db_s": -79.80977832648225, "highs_cutoff_frequency_hz": 10234.175500411766, "highs_q_factor": 0.6945423439300391, "highs_gain_db_s": -60.274433652654096, "fade_in_time_s": 0.5284643973814037, "scale": 0.8358156090890886}