{"room_size": 19.38248766129954, "reverberation_time_s": 1.979760272902647, "lows_cutoff_frequency_hz": 838.9786636086469, "lows_q_factor": 0.6794163613902799, "lows_gain_db_s": -61.68808910664737, "highs_cutoff_frequency_hz": 13910.702412419407, "highs_q_factor": 0.4710160313345295, "highs_gain_db_s": -57.27906884046182, "fade_in_time_s": 1.0714251187624713, "scale": 0.3826179454738757}