{"room_size": 4.720780141585676, "reverberation_time_s": 6.48985937853858, "lows_cutoff_frequency_hz": 6176.695631711551, "lows_q_factor": 0.05726824017822402, "lows_gain_db_s": -58.723796642545224, "highs_cutoff_frequency_hz": 5646.862901407268, "highs_q_factor": 0.5447317239161036, "highs_gain_db_s": -48.58473526995047, "fade_in_time_s": 0.0, "scale": 1.0}