{"room_size": 1.656883616332344, "reverberation_time_s": 8.203559789474749, "lows_cutoff_frequency_hz": 19701.098103793058, "lows_q_factor": 0.5369888997026181, "lows_gain_db_s": -29.137936720126078, "highs_cutoff_frequency_hz": 6880.129303700483, "highs_q_factor": 0.6054839549111931, "highs_gain_db_s": -80.0, "fade_in_time_s": 0.0, "scale": 0.854227190913518}