{"room_size": 11.52648663801943, "reverberation_time_s": 0.1, "lows_cutoff_frequency_hz": 5853.154592608205, "lows_q_factor": 0.11533230877880123, "lows_gain_db_s": -56.235663026895125, "highs_cutoff_frequency_hz": 8719.389269781079, "highs_q_factor": 0.5795699967848229, "highs_gain_db_s": -80.0, "fade_in_time_s": 7.740867486738765, "scale": 1.0}