{"room_size": 29.465872186168575, "reverberation_time_s": 3.9653953178133987, "lows_cutoff_frequency_hz": 19481.33982069165, "lows_q_factor": 0.01, "lows_gain_db_s": -80.0, "highs_cutoff_frequency_hz": 10905.468474404302, "highs_q_factor": 0.9, "highs_gain_db_s": -31.998080322771003, "fade_in_time_s": 0.38104655951710137, "scale": 0.6897107776190343}