{"room_size": 30.0, "reverberation_time_s": 3.2973385053402775, "lows_cutoff_frequency_hz": 14155.055083849466, "lows_q_factor": 0.01, "lows_gain_db_s": -80.0, "highs_cutoff_frequency_hz": 16007.248205568665, "highs_q_factor": 0.5528987601576792, "highs_gain_db_s": -80.0, "fade_in_time_s": 0.0, "scale": 1.0}