{"room_size": 1.0, "reverberation_time_s": 6.916411284122899, "lows_cutoff_frequency_hz": 9230.6012124684, "lows_q_factor": 0.01, "lows_gain_db_s": -51.7260720280935, "highs_cutoff_frequency_hz": 13470.998129322208, "highs_q_factor": 0.17368024007979727, "highs_gain_db_s": -44.60411971375363, "fade_in_time_s": 0.0, "scale": 0.9084338759846312}