{"room_size": 1.0, "reverberation_time_s": 0.10078175135062785, "lows_cutoff_frequency_hz": 3910.857567093258, "lows_q_factor": 0.5744261378658752, "lows_gain_db_s": -27.768405011688593, "highs_cutoff_frequency_hz": 4261.685708422929, "highs_q_factor": 0.46838369785540684, "highs_gain_db_s": -69.8109279745434, "fade_in_time_s": 4.33191092692156, "scale": 1.0}