{"room_size": 16.74588590099183, "reverberation_time_s": 0.3383370103778374, "lows_cutoff_frequency_hz": 19969.427325085235, "lows_q_factor": 0.01, "lows_gain_db_s": -80.0, "highs_cutoff_frequency_hz": 18049.55850355473, "highs_q_factor": 0.3375574808245926, "highs_gain_db_s": -80.0, "fade_in_time_s": 8.999870338746446, "scale": 0.4575779600518478}