{"room_size": 19.75778229438297, "reverberation_time_s": 0.5454647067231863, "lows_cutoff_frequency_hz": 6841.875490362117, "lows_q_factor": 0.01, "lows_gain_db_s": -78.76069438876748, "highs_cutoff_frequency_hz": 20000.0, "highs_q_factor": 0.21818181011557283, "highs_gain_db_s": -80.0, "fade_in_time_s": 9.0, "scale": 1.0}