{"room_size": 3.9755836821766386, "reverberation_time_s": 0.1, "lows_cutoff_frequency_hz": 17950.51899219066, "lows_q_factor": 0.01, "lows_gain_db_s": -42.67504665080986, "highs_cutoff_frequency_hz": 5783.47746302916, "highs_q_factor": 0.46421133221457167, "highs_gain_db_s": -67.18235350526516, "fade_in_time_s": 5.551216285277277, "scale": 1.0}