{"room_size": 12.703280335182638, "reverberation_time_s": 4.19433306552856, "lows_cutoff_frequency_hz": 19968.765818161017, "lows_q_factor": 0.01, "lows_gain_db_s": -37.228616642429095, "highs_cutoff_frequency_hz": 9163.627464135743, "highs_q_factor": 0.6394519875489962, "highs_gain_db_s": -64.12663205095268, "fade_in_time_s": 0.0, "scale": 0.9886555396692571}