{"room_size": 6.939534133597407, "reverberation_time_s": 6.482639182763294, "lows_cutoff_frequency_hz": 15876.88119460724, "lows_q_factor": 0.01, "lows_gain_db_s": -76.80083909682065, "highs_cutoff_frequency_hz": 6761.9140807539825, "highs_q_factor": 0.685184832077574, "highs_gain_db_s": -80.0, "fade_in_time_s": 0.0, "scale": 1.0}