{"room_size": 2.0316127865672122, "reverberation_time_s": 6.917800985601547, "lows_cutoff_frequency_hz": 10848.398425605872, "lows_q_factor": 0.01, "lows_gain_db_s": -63.4002846179855, "highs_cutoff_frequency_hz": 5676.086241946532, "highs_q_factor": 0.5498756793643801, "highs_gain_db_s": -80.0, "fade_in_time_s": 0.0, "scale": 1.0}