{"room_size": 3.3336466893079484, "reverberation_time_s": 1.7532659503556038, "lows_cutoff_frequency_hz": 20000.0, "lows_q_factor": 0.01, "lows_gain_db_s": -78.42640781161514, "highs_cutoff_frequency_hz": 10344.201677346744, "highs_q_factor": 0.5103790035153777, "highs_gain_db_s": -36.84997902975734, "fade_in_time_s": 3.3521023495687126, "scale": 0.6621066902568498}