{"room_size": 30.0, "reverberation_time_s": 0.4447792015509737, "lows_cutoff_frequency_hz": 9021.686073601923, "lows_q_factor": 0.019819410205462913, "lows_gain_db_s": -69.04013181896948, "highs_cutoff_frequency_hz": 11030.013292460057, "highs_q_factor": 0.9, "highs_gain_db_s": -68.46363150398422, "fade_in_time_s": 8.998802415093607, "scale": 1.0}