{"room_size": 28.751660514531643, "reverberation_time_s": 9.0, "lows_cutoff_frequency_hz": 20000.0, "lows_q_factor": 0.01, "lows_gain_db_s": -51.111527998, "highs_cutoff_frequency_hz": 20000.0, "highs_q_factor": 0.14316840229358802, "highs_gain_db_s": -80.0, "fade_in_time_s": 0.18613197443072282, "scale": 1.0}