{"room_size": 12.27629719328213, "reverberation_time_s": 9.0, "lows_cutoff_frequency_hz": 18066.106257891868, "lows_q_factor": 0.01, "lows_gain_db_s": -80.0, "highs_cutoff_frequency_hz": 6209.52158800588, "highs_q_factor": 0.14738224144706022, "highs_gain_db_s": -23.568264102335405, "fade_in_time_s": 0.0, "scale": 0.47332804435469084}