{"room_size": 0.0, "damping": 0.5081302722539882, "width": 0.0, "scale": 0.09646477962644559}