{"room_size": 0.0, "damping": 0.3893965746065412, "width": 0.2184963409541932, "scale": 0.05587137252756528}