{"room_size": 0.0424659389865665, "damping": 1.0, "width": 0.2652325878228658, "scale": 0.41579712303863087}