{"room_size": 0.7070875441059893, "damping": 0.5557440693099064, "width": 0.7578775484544786, "scale": 0.1366613352018725}