{"room_size": 0.7421101253965509, "damping": 0.5330583076597637, "width": 0.7929742361084257, "scale": 0.10223471865452477}