{"room_size": 0.7221483140617203, "damping": 0.5622553865448895, "width": 0.8366218759158003, "scale": 0.12597434373227995}