{"room_size": 0.5753358234054754, "damping": 0.26067894068222797, "width": 0.01520295034489501, "scale": 0.11630473830252838}