{"room_size": 0.6932380267248087, "damping": 0.42482858506313975, "width": 0.0, "scale": 0.14158298849529202}