{"room_size": 0.7304582208538318, "damping": 0.4258231242118224, "width": 0.0, "scale": 0.19506471870283065}