{"room_size": 0.0, "damping": 0.0, "wet_level": 0.09962337037648498, "dry_level": 0.6946024551472977, "width": 0.0}