{"room_size": 0.003932207207831574, "damping": 0.0, "wet_level": 0.12897404614794686, "dry_level": 0.9578977306737467, "width": 0.10414866408380437}