{"room_size": 0.0, "damping": 1.0, "wet_level": 0.13299964869528821, "dry_level": 0.6774781339266867, "width": 1.0}