{"room_size": 3.568646587825192e-06, "damping": 0.9999972838537184, "width": 0.0, "scale": 0.27848674749622}