{"room_size": 0.8454696410010726, "damping": 1.0, "width": 1.0, "scale": 0.008584846773956862}