{"room_size": 0.29014882230747546, "damping": 1.0, "width": 1.0, "scale": 0.25139704261911194}