{"room_size": 0.5122096526481116, "damping": 1.0, "width": 0.3762752139832156, "scale": 0.026399592986901838}