{"room_size": 0.4923138059941168, "damping": 1.0, "width": 0.5082405388547151, "scale": 0.024230433758819846}