{"room_size": 0.746640116246654, "damping": 0.6833603788109915, "width": 0.7185797167724101, "scale": 0.2670568801816221}