{"room_size": 0.7440303730140715, "damping": 0.6715058687899104, "width": 1.0, "scale": 0.22816559210758108}