{"room_size": 0.5261332299599124, "damping": 0.8432726036095096, "width": 0.6935456471308238, "scale": 0.09016888992291955}