{"room_size": 0.5139275460492267, "damping": 0.8869713213764366, "width": 0.9991252674898901, "scale": 0.0775328540949655}