{"room_size": 0.606447307258168, "damping": 1.0, "width": 0.0, "scale": 0.14896635006069753}