{"room_size": 0.585254671332288, "damping": 1.0, "width": 0.4514121202793061, "scale": 0.12072424455259821}