{"room_size": 0.5745083080194568, "damping": 1.0, "width": 0.9213813080862618, "scale": 0.1691241424428947}