{"room_size": 0.5847741196015167, "damping": 1.0, "width": 1.0, "scale": 0.12000707865803523}