{"room_size": 0.5031825731662075, "damping": 0.8934845045981036, "width": 1.0, "scale": 0.04267647142060655}