{"room_size": 0.5154182507028635, "damping": 0.8670298449224285, "width": 0.0, "scale": 0.15206120272368773}