{"room_size": 0.5411119016682514, "damping": 0.8546595119741505, "width": 0.0, "scale": 0.1148982733657817}