{"room_size": 0.6099421623952559, "damping": 1.0, "width": 0.6060766042109504, "scale": 0.12281569464555184}