{"room_size": 0.5821918445089624, "damping": 1.0, "width": 0.0, "scale": 0.2347895175611508}