{"room_size": 0.5009614085029611, "damping": 0.6105191913181857, "width": 0.05060297729812766, "scale": 0.09776772646987511}