{"room_size": 0.43399183581806927, "damping": 0.7098592875287674, "width": 1.0, "scale": 0.03786826546417926}