{"room_size": 8.745476608119242, "reverberation_time_s": 8.938287673273917, "lows_cutoff_frequency_hz": 12965.29112569276, "lows_q_factor": 0.01, "lows_gain_db_s": -64.8877023384395, "highs_cutoff_frequency_hz": 8786.403036586573, "highs_q_factor": 0.6609355889884221, "highs_gain_db_s": -80.0, "fade_in_time_s": 0.0, "scale": 0.9169040807130807}