{"room_size": 14.292194051891205, "reverberation_time_s": 7.4429303684801935, "lows_cutoff_frequency_hz": 20000.0, "lows_q_factor": 0.07781374777044477, "lows_gain_db_s": -25.767184707902032, "highs_cutoff_frequency_hz": 11916.997102491101, "highs_q_factor": 0.49232907313430174, "highs_gain_db_s": -70.95480880496265, "fade_in_time_s": 0.0, "scale": 1.0}