{"room_size": 25.382227795894313, "reverberation_time_s": 5.032798047295437, "lows_cutoff_frequency_hz": 9479.402393125052, "lows_q_factor": 0.029964482554675848, "lows_gain_db_s": -17.68799556943692, "highs_cutoff_frequency_hz": 8961.098166215172, "highs_q_factor": 0.1956797276899043, "highs_gain_db_s": -51.12688475782173, "fade_in_time_s": 0.010536599037294325, "scale": 0.46229237670076534}