{"room_size": 22.995055261671432, "reverberation_time_s": 5.1866096477342, "lows_cutoff_frequency_hz": 20000.0, "lows_q_factor": 0.01, "lows_gain_db_s": -61.4657928395452, "highs_cutoff_frequency_hz": 6759.539221868248, "highs_q_factor": 0.6953477188409518, "highs_gain_db_s": 4.0, "fade_in_time_s": 0.0, "scale": 0.3777505238766333}