{"room_size": 6.327614905513898, "reverberation_time_s": 7.799715828222029, "lows_cutoff_frequency_hz": 2529.0594090636628, "lows_q_factor": 0.01, "lows_gain_db_s": -40.401360406799206, "highs_cutoff_frequency_hz": 19774.244177904795, "highs_q_factor": 0.28455117663610513, "highs_gain_db_s": -80.0, "fade_in_time_s": 0.0, "scale": 0.5351421979780814}