{"room_size": 30.0, "reverberation_time_s": 0.1, "lows_cutoff_frequency_hz": 7035.631050989957, "lows_q_factor": 0.6034199174038543, "lows_gain_db_s": 6.0, "highs_cutoff_frequency_hz": 7572.982090599791, "highs_q_factor": 0.7401518778245146, "highs_gain_db_s": -80.0, "fade_in_time_s": 1.4789806904086724, "scale": 0.08886135309086748}