{"room_size": 26.663365978217406, "reverberation_time_s": 9.0, "lows_cutoff_frequency_hz": 15787.233198479964, "lows_q_factor": 0.08974924745632501, "lows_gain_db_s": -28.334512981155612, "highs_cutoff_frequency_hz": 14702.917655041141, "highs_q_factor": 0.4244664043193392, "highs_gain_db_s": -80.0, "fade_in_time_s": 0.0, "scale": 0.3398112435966299}