{"loss_end_value": 1.0628683682717506, "parameters": {"output_mode": "Stereo", "source_gain_db": 0, "render_line_of_sight": false, "source_x": 0.95, "source_y": 0.9, "source_z": 0.5, "listener_x": 0.5, "listener_y": 0.5, "listener_z": 0.5, "listener_pitch": 0.0, "listener_yaw": 0.0, "listener_roll": 0.0, "dimensions_x_m": 3, "dimensions_y_m": 2, "dimensions_z_m": 2, "125hz_wall_x_0": 0.7289077654957362, "250hz_wall_x_0": 0.4904706361307785, "500hz_wall_x_0": 0.17392297999232542, "1000hz_wall_x_0": 0.8850001202915735, "2000hz_wall_x_0": 0.10616995278836046, "4000hz_wall_x_0": 0.6288876094770629, "8000hz_wall_x_0": 0.3705384011334204, "16000hz_wall_x_0": 0.6028654413725516, "125hz_wall_x_1": 0.7289077654957362, "250hz_wall_x_1": 0.4904706361307785, "500hz_wall_x_1": 0.17392297999232542, "1000hz_wall_x_1": 0.8850001202915735, "2000hz_wall_x_1": 0.10616995278836046, "4000hz_wall_x_1": 0.6288876094770629, "8000hz_wall_x_1": 0.3705384011334204, "16000hz_wall_x_1": 0.6028654413725516, "125hz_wall_y_0": 0.7289077654957362, "250hz_wall_y_0": 0.4904706361307785, "500hz_wall_y_0": 0.17392297999232542, "1000hz_wall_y_0": 0.8850001202915735, "2000hz_wall_y_0": 0.10616995278836046, "4000hz_wall_y_0": 0.6288876094770629, "8000hz_wall_y_0": 0.3705384011334204, "16000hz_wall_y_0": 0.6028654413725516, "125hz_wall_y_1": 0.7289077654957362, "250hz_wall_y_1": 0.4904706361307785, "500hz_wall_y_1": 0.17392297999232542, "1000hz_wall_y_1": 0.8850001202915735, "2000hz_wall_y_1": 0.10616995278836046, "4000hz_wall_y_1": 0.6288876094770629, "8000hz_wall_y_1": 0.3705384011334204, "16000hz_wall_y_1": 0.6028654413725516, "125hz_wall_z_0": 0.7289077654957362, "250hz_wall_z_0": 0.4904706361307785, "500hz_wall_z_0": 0.17392297999232542, "1000hz_wall_z_0": 0.8850001202915735, "2000hz_wall_z_0": 0.10616995278836046, "4000hz_wall_z_0": 0.6288876094770629, "8000hz_wall_z_0": 0.3705384011334204, "16000hz_wall_z_0": 0.6028654413725516, "125hz_wall_z_1": 0.7289077654957362, "250hz_wall_z_1": 0.4904706361307785, "500hz_wall_z_1": 0.17392297999232542, "1000hz_wall_z_1": 0.8850001202915735, "2000hz_wall_z_1": 0.10616995278836046, "4000hz_wall_z_1": 0.6288876094770629, "8000hz_wall_z_1": 0.3705384011334204, "16000hz_wall_z_1": 0.6028654413725516}}