{"room_size": 0.567097196843851, "damping": 1.0, "width": 0.5183182990551275, "scale": 0.2062303504684773}