{"room_size": 0.5300396876053383, "damping": 1.0, "width": 1.0, "scale": 0.052321747541450164}