{"room_size": 0.5332831543080158, "damping": 1.0, "width": 0.0, "scale": 0.2148036979558552}