{"room_size": 0.5790915467186933, "damping": 1.0, "width": 0.0, "scale": 0.5058795609886152}