{"room_size": 0.2734389455974651, "damping": 1.0, "width": 0.9560209371547314, "scale": 0.2513080636023306}