{"room_size": 0.7778327454386662, "damping": 0.5581770352876217, "width": 0.7319962023996051, "scale": 0.11341206844843543}