{"room_size": 0.636284248382661, "damping": 0.2927031027438739, "width": 0.0, "scale": 0.1100690513683657}