{"room_size": 0.6442255646119482, "damping": 0.3698124527426103, "width": 0.5088034081160814, "scale": 0.1010952326472984}