{"room_size": 0.7467960150694536, "damping": 0.49700732548886306, "width": 0.41935894042293703, "scale": 0.1194333411271402}