{"room_size": 0.6360114233419423, "damping": 0.31477569888144724, "width": 0.0, "scale": 0.10865795584787727}