{"room_size": 0.7269220178495226, "damping": 0.5460596180923813, "width": 0.6724242689788142, "scale": 0.12150504756715834}