{"room_size": 0.7454872570091651, "damping": 0.3288299551121646, "width": 0.3735438971854969, "scale": 0.05129504291464131}