{"room_size": 0.7329263898818416, "damping": 0.6209299947643737, "width": 0.8189963722768121, "scale": 0.17184815695554362}