{"room_size": 0.6723685710136282, "damping": 0.44423686724011197, "width": 1.0, "scale": 0.08570692610740864}