{"room_size": 0.7675324851716014, "damping": 0.47771018527501324, "width": 0.439146307179498, "scale": 0.10166325234917711}