{"room_size": 0.5855819679569024, "damping": 0.25475476775056455, "width": 0.08261322997441412, "scale": 0.09122318469848543}