{"room_size": 0.6354374333732175, "damping": 1.0, "width": 0.925507596911724, "scale": 0.20114924464115616}