{"room_size": 0.6527797632210826, "damping": 1.0, "width": 1.0, "scale": 0.1671424738127883}