{"room_size": 0.6451663312043854, "damping": 0.2724838607967063, "width": 0.0, "scale": 0.07936146135551621}