{"room_size": 0.5612286738707405, "damping": 0.18206119270916687, "width": 1.0, "scale": 0.03710287406636853}