{"room_size": 0.6831247334995025, "damping": 0.3921018170446986, "width": 0.0, "scale": 0.13088776335589822}