{"room_size": 0.7233608448352927, "damping": 0.55356845848117, "width": 0.0, "scale": 0.1996082801262695}