{"room_size": 0.589248404614387, "damping": 0.29537549520901873, "width": 1.0, "scale": 0.058514474780013266}