{"room_size": 0.7159369067387188, "damping": 0.5439426957325444, "width": 0.6257243149879614, "scale": 0.13763324353895356}