{"room_size": 0.6575940747548368, "damping": 0.30782281269031153, "width": 0.0, "scale": 0.10432700938839432}