{"room_size": 0.8565367128977911, "damping": 1.0, "width": 1.0, "scale": 0.008726310585188512}