{"loss_end_value": 11.210999395839067, "parameters": {"output_mode": "Stereo", "source_gain_db": 0, "render_line_of_sight": false, "source_x": 0.1, "source_y": 0.1, "source_z": 0.1, "listener_x": 0.5, "listener_y": 0.5, "listener_z": 0.5, "listener_pitch": 0.0, "listener_yaw": 0.0, "listener_roll": 0.0, "dimensions_x_m": 4, "dimensions_y_m": 3, "dimensions_z_m": 3, "125hz_wall_x_0": 0.5695158865154291, "250hz_wall_x_0": 0.28111598752363, "500hz_wall_x_0": 0.9231487091401085, "1000hz_wall_x_0": 0.1062949506350693, "2000hz_wall_x_0": 0.10058377271197269, "4000hz_wall_x_0": 0.6572430490330247, "8000hz_wall_x_0": 0.0, "16000hz_wall_x_0": 0.0, "125hz_wall_x_1": 0.40183416824165497, "250hz_wall_x_1": 0.8453329694706238, "500hz_wall_x_1": 0.0, "1000hz_wall_x_1": 0.39412036145511453, "2000hz_wall_x_1": 0.1573768142622478, "4000hz_wall_x_1": 0.0, "8000hz_wall_x_1": 0.0, "16000hz_wall_x_1": 0.30645266635376617, "125hz_wall_y_0": 0.25600107211503903, "250hz_wall_y_0": 0.0, "500hz_wall_y_0": 0.4191999762462495, "1000hz_wall_y_0": 0.044584753511802376, "2000hz_wall_y_0": 0.02002666576511765, "4000hz_wall_y_0": 0.32011621607261326, "8000hz_wall_y_0": 0.0, "16000hz_wall_y_0": 0.0, "125hz_wall_y_1": 0.33008371305189527, "250hz_wall_y_1": 0.11298144080791592, "500hz_wall_y_1": 0.221502174706891, "1000hz_wall_y_1": 0.4623527493100804, "2000hz_wall_y_1": 0.6446599942797894, "4000hz_wall_y_1": 0.0, "8000hz_wall_y_1": 0.0, "16000hz_wall_y_1": 0.5366576859908337, "125hz_wall_z_0": 0.10051152837821133, "250hz_wall_z_0": 0.2744057646199336, "500hz_wall_z_0": 0.32468451334660187, "1000hz_wall_z_0": 0.04564001732402588, "2000hz_wall_z_0": 0.8695619060712487, "4000hz_wall_z_0": 0.03749341851578139, "8000hz_wall_z_0": 0.1276700301588516, "16000hz_wall_z_0": 0.8352751889309663, "125hz_wall_z_1": 0.5660807838417572, "250hz_wall_z_1": 0.0, "500hz_wall_z_1": 0.0006967965334689389, "1000hz_wall_z_1": 0.14944771846229737, "2000hz_wall_z_1": 0.5449753618161829, "4000hz_wall_z_1": 0.21907327198965496, "8000hz_wall_z_1": 0.602871399264564, "16000hz_wall_z_1": 0.7362097186945316, "scale": 0.6385308938839037}}