{"loss_end_value": 3.9757732467070612, "parameters": {"output_mode": "Stereo", "source_gain_db": 0, "render_line_of_sight": false, "source_x": 0.1, "source_y": 0.1, "source_z": 0.1, "listener_x": 0.5, "listener_y": 0.5, "listener_z": 0.5, "listener_pitch": 0.0, "listener_yaw": 0.0, "listener_roll": 0.0, "dimensions_x_m": 4, "dimensions_y_m": 3, "dimensions_z_m": 3, "125hz_wall_x_0": 0.12984779059954782, "250hz_wall_x_0": 0.11856656788217856, "500hz_wall_x_0": 0.17624210261442586, "1000hz_wall_x_0": 0.1707841458790358, "2000hz_wall_x_0": 0.210278577527512, "4000hz_wall_x_0": 0.21474169985290698, "8000hz_wall_x_0": 0.21474169985290698, "16000hz_wall_x_0": 0.21474169985290698, "125hz_wall_x_1": 0.11380199736211029, "250hz_wall_x_1": 0.04222061930741999, "500hz_wall_x_1": 0.018642702250234677, "1000hz_wall_x_1": 0.0, "2000hz_wall_x_1": 0.0, "4000hz_wall_x_1": 0.0, "8000hz_wall_x_1": 0.0, "16000hz_wall_x_1": 0.0, "125hz_wall_y_0": 0.0, "250hz_wall_y_0": 0.0, "500hz_wall_y_0": 0.0, "1000hz_wall_y_0": 0.0, "2000hz_wall_y_0": 0.10292838761840628, "4000hz_wall_y_0": 0.195359670834942, "8000hz_wall_y_0": 0.195359670834942, "16000hz_wall_y_0": 0.195359670834942, "125hz_wall_y_1": 0.0, "250hz_wall_y_1": 0.0, "500hz_wall_y_1": 0.12437487488331411, "1000hz_wall_y_1": 0.3055212068584866, "2000hz_wall_y_1": 0.5919366159667512, "4000hz_wall_y_1": 0.6912181981577785, "8000hz_wall_y_1": 0.6912181981577785, "16000hz_wall_y_1": 0.6912181981577785, "125hz_wall_z_0": 0.04273569605776514, "250hz_wall_z_0": 0.0, "500hz_wall_z_0": 0.0, "1000hz_wall_z_0": 0.0, "2000hz_wall_z_0": 0.0030480420709897427, "4000hz_wall_z_0": 0.026939100094919566, "8000hz_wall_z_0": 0.026939100094919566, "16000hz_wall_z_0": 0.026939100094919566, "125hz_wall_z_1": 0.35407831504691556, "250hz_wall_z_1": 0.4289097736159203, "500hz_wall_z_1": 0.2661699574886101, "1000hz_wall_z_1": 0.08571142009389093, "2000hz_wall_z_1": 0.0, "4000hz_wall_z_1": 0.0, "8000hz_wall_z_1": 0.0, "16000hz_wall_z_1": 0.0}}