{"room_size": 0.6006326066659606, "damping": 1.0, "width": 1.0, "scale": 0.20538386955000038}