{"room_size": 0.5869829663719838, "damping": 1.0, "width": 0.0, "scale": 0.41113145018038627}