{"room_size": 14.196327769372546, "reverberation_time_s": 0.1, "lows_cutoff_frequency_hz": 9629.781359195722, "lows_q_factor": 0.238276877141294, "lows_gain_db_s": -50.890730164557084, "highs_cutoff_frequency_hz": 9204.407300362835, "highs_q_factor": 0.3096174756561788, "highs_gain_db_s": -80.0, "dry_wet": 0.6994326003326441, "fade_in_time_s": 0.824579919192432}