{"room_size": 13.533826660413746, "reverberation_time_s": 4.1065513913633485, "lows_cutoff_frequency_hz": 20000.0, "lows_q_factor": 0.6208376114131515, "lows_gain_db_s": -66.98966307316392, "highs_cutoff_frequency_hz": 2904.2739855517643, "highs_q_factor": 0.01, "highs_gain_db_s": -80.0, "dry_wet": 0.8850029489032673, "fade_in_time_s": 1.0425720145072908}