{"room_size": 18.328777976392693, "reverberation_time_s": 0.1, "lows_cutoff_frequency_hz": 20000.0, "lows_q_factor": 0.8647452374820692, "lows_gain_db_s": -58.136481572074544, "highs_cutoff_frequency_hz": 20.0, "highs_q_factor": 0.9, "highs_gain_db_s": -48.32913993826237, "dry_wet": 0.8267704669544825, "fade_in_time_s": 2.391559752154584}