{"room_size": 0.0, "damping": 1.0, "width": 0.6673337163507397, "scale": 0.14899922682716965}