{"room_size": 0.0, "damping": 0.32326506359673474, "width": 0.0, "scale": 0.07280330227045406}