{"room_size": 0.0, "damping": 0.5482183993683954, "width": 0.0, "scale": 0.112594644801252}