{"room_size": 0.0, "damping": 0.5280490344750468, "width": 0.31067367624988956, "scale": 0.09492984995170138}