{"room_size": 0.0, "damping": 0.46124959338928767, "width": 0.3391303774840085, "scale": 0.05804953881588618}