{"room_size": 0.0, "damping": 0.6429662135234456, "width": 0.0, "scale": 0.12441282145197145}