{"room_size": 0.05277564764713538, "damping": 1.0, "width": 0.42268956584217715, "scale": 0.2854396539763814}