{"room_size": 0.7203064738418462, "damping": 0.5174267424523481, "width": 1.0, "scale": 0.10774063661910435}