{"room_size": 0.6520997053744984, "damping": 0.35522473125157644, "width": 0.0, "scale": 0.1362124913295869}