{"room_size": 0.6663988432617576, "damping": 0.3679183091270649, "width": 0.0, "scale": 0.14747901831028914}