{"room_size": 0.5839833796865996, "damping": 0.24873502320670574, "width": 0.5772127370038745, "scale": 0.07195250993667471}