{"room_size": 0.609010145974674, "damping": 0.2157461125941412, "width": 0.0, "scale": 0.08792325802585713}