{"room_size": 0.7382440974977462, "damping": 0.6086898409718566, "width": 0.0, "scale": 0.30634856258463294}