{"room_size": 0.6020267838555026, "damping": 0.30605578079560036, "width": 0.0, "scale": 0.10515801383081949}