{"room_size": 0.6832149954457719, "damping": 0.38578389005478364, "width": 0.0, "scale": 0.1580006428250673}