{"room_size": 0.5565438177600379, "damping": 0.30348369146985954, "width": 0.0, "scale": 0.12356186060545361}