{"room_size": 0.7556296682827606, "damping": 0.5162802955035025, "width": 0.0, "scale": 0.17314204709512065}