{"room_size": 0.7132822506442226, "damping": 0.3074649243718265, "width": 0.0, "scale": 0.09774988821688232}