{"room_size": 0.7316964687313795, "damping": 0.40549270146782085, "width": 0.0, "scale": 0.10947015396544861}