{"room_size": 0.6051893075821045, "damping": 0.31737883527666516, "width": 0.0, "scale": 0.09733250901909354}