{"room_size": 0.7603721096934613, "damping": 0.5990322189643054, "width": 0.0, "scale": 0.2546398466897121}