{"room_size": 1.7023857808535479, "reverberation_time_s": 0.1, "lows_cutoff_frequency_hz": 11756.881986724995, "lows_q_factor": 0.764752061549491, "lows_gain_db_s": -80.0, "highs_cutoff_frequency_hz": 3057.437733392876, "highs_q_factor": 0.882219860975806, "highs_gain_db_s": -60.11293950798215, "fade_in_time_s": 8.950391475184665, "scale": 0.261041211190053}