{"room_size": 30.0, "reverberation_time_s": 0.1, "lows_cutoff_frequency_hz": 20000.0, "lows_q_factor": 0.5543337030471409, "lows_gain_db_s": -80.0, "highs_cutoff_frequency_hz": 4463.545779346787, "highs_q_factor": 0.6924603880196509, "highs_gain_db_s": -80.0, "fade_in_time_s": 9.0, "scale": 1.0}