{"room_size": 0.5086049624268449, "damping": 1.0, "width": 0.8228468695715955, "scale": 0.017288925731338046}