{"room_size": 0.47111302402694066, "damping": 1.0, "width": 1.0, "scale": 0.01614518576201037}