{"room_size": 0.4851530681688276, "damping": 1.0, "width": 0.0, "scale": 0.03195302629792585}