{"room_size": 0.6001938821070208, "damping": 1.0, "width": 0.0, "scale": 0.38048556918227894}