{"room_size": 0.603125317300401, "damping": 1.0, "width": 1.0, "scale": 0.18089130394686045}