{"room_size": 1.0, "reverberation_time_s": 0.1, "lows_cutoff_frequency_hz": 13960.901713504392, "lows_q_factor": 0.01, "lows_gain_db_s": -80.0, "highs_cutoff_frequency_hz": 20.0, "highs_q_factor": 0.6438018924690975, "highs_gain_db_s": -51.0805203778862, "fade_in_time_s": 0.0, "scale": 0.00557270296877638}