{"room_size": 1.6385844734780197, "reverberation_time_s": 1.714013603638272, "lows_cutoff_frequency_hz": 9106.14911298575, "lows_q_factor": 0.9, "lows_gain_db_s": 6.0, "highs_cutoff_frequency_hz": 20.0, "highs_q_factor": 0.46368229661434945, "highs_gain_db_s": -80.0, "fade_in_time_s": 0.0, "scale": 0.5847276162403574}