{"room_size": 1.0, "reverberation_time_s": 7.339638109942603, "lows_cutoff_frequency_hz": 20000.0, "lows_q_factor": 0.7610380805691228, "lows_gain_db_s": -56.479626928876144, "highs_cutoff_frequency_hz": 20.0, "highs_q_factor": 0.01, "highs_gain_db_s": -80.0, "fade_in_time_s": 0.0, "scale": 1.0}