{"room_size": 5.6877633358246875, "reverberation_time_s": 2.8060434056583032, "lows_cutoff_frequency_hz": 10317.825556069673, "lows_q_factor": 0.09670125979738331, "lows_gain_db_s": -78.90540093143412, "highs_cutoff_frequency_hz": 5979.390926566834, "highs_q_factor": 0.5689011098228564, "highs_gain_db_s": -38.20256125504309, "fade_in_time_s": 0.0, "scale": 0.12618695139303673}