{"room_size": 9.020378392932201, "reverberation_time_s": 2.498326359871129, "lows_cutoff_frequency_hz": 4859.473271753991, "lows_q_factor": 0.9, "lows_gain_db_s": -79.6880165963261, "highs_cutoff_frequency_hz": 17907.60995810285, "highs_q_factor": 0.6530122741130601, "highs_gain_db_s": -80.0, "fade_in_time_s": 2.4227715975338615, "scale": 0.0}