{"room_size": 0.5061344529934532, "damping": 0.8650806556167664, "width": 0.31485104443221223, "scale": 0.10295805192874904}