{"room_size": 0.567121836490615, "damping": 1.0, "width": 0.0, "scale": 0.15321751221803223}