{"room_size": 0.5134697103859099, "damping": 1.0, "width": 1.0, "scale": 0.05701488257950926}