{"room_size": 0.5538949680153474, "damping": 1.0, "width": 0.0, "scale": 0.20921826790661247}