{"room_size": 0.49312355398998525, "damping": 1.0, "width": 0.3394727423091817, "scale": 0.07720945305071922}