{"room_size": 0.5324777157976174, "damping": 1.0, "width": 0.0, "scale": 0.10244334369861285}