{"room_size": 0.6004772091220021, "damping": 1.0, "width": 0.6914489404336607, "scale": 0.17325733431978896}