{"room_size": 0.49386261357230976, "damping": 0.8583220280139975, "width": 0.0, "scale": 0.1149545498814343}