{"room_size": 0.5038210828491838, "damping": 0.8801480725647294, "width": 0.0, "scale": 0.1634115789033582}