{"room_size": 0.6027169436444114, "damping": 1.0, "width": 1.0, "scale": 0.2275493670415227}