{"room_size": 0.30532740250943097, "damping": 0.5187934140002264, "width": 0.0, "scale": 0.05620080407209567}