{"room_size": 0.0, "damping": 1.0, "width": 0.504628506959782, "scale": 0.4181208042724962}