{"room_size": 0.0, "damping": 0.0, "width": 0.5494809365982185, "scale": 0.014666299532601275}