{"room_size": 0.03040465817554094, "damping": 0.12593346787247164, "width": 1.0, "scale": 0.01876100353170486}