{"room_size": 0.0, "damping": 0.06863045471359576, "width": 1.0, "scale": 0.011907351652645691}