{"room_size": 0.0, "damping": 1.0, "width": 0.9368909864620768, "scale": 0.1688332540675403}