{"room_size": 0.0, "damping": 0.6055795477605311, "width": 1.0, "scale": 0.025445344576200433}