{"room_size": 0.015832742013277636, "damping": 0.6136655079675178, "width": 0.0, "scale": 0.061047640708367344}