{"room_size": 16.941782897082817, "reverberation_time_s": 0.1, "lows_cutoff_frequency_hz": 10835.153871204804, "lows_q_factor": 0.01, "lows_gain_db_s": -78.3928727968958, "highs_cutoff_frequency_hz": 11587.34280887214, "highs_q_factor": 0.5302401434831376, "highs_gain_db_s": -22.57173342954971, "fade_in_time_s": 9.0, "scale": 0.007228590786848247}