{"room_size": 11.89812555067118, "reverberation_time_s": 2.5969674820298367, "lows_cutoff_frequency_hz": 12505.980512568096, "lows_q_factor": 0.37534794255046505, "lows_gain_db_s": -11.62441066985059, "highs_cutoff_frequency_hz": 20.0, "highs_q_factor": 0.9, "highs_gain_db_s": -80.0, "fade_in_time_s": 0.0, "scale": 0.41003968541800095}