{"room_size": 4.734519624820564, "reverberation_time_s": 9.0, "lows_cutoff_frequency_hz": 19592.98336100191, "lows_q_factor": 0.7048739608090394, "lows_gain_db_s": -60.81756240583182, "highs_cutoff_frequency_hz": 8565.623954837069, "highs_q_factor": 0.7976103484826773, "highs_gain_db_s": -56.64668473198276, "fade_in_time_s": 0.0, "scale": 0.39438815402515626}