{"room_size": 1.0, "reverberation_time_s": 1.7573860282630709, "lows_cutoff_frequency_hz": 11449.635772203315, "lows_q_factor": 0.4226128037060052, "lows_gain_db_s": 6.0, "highs_cutoff_frequency_hz": 2990.945464962244, "highs_q_factor": 0.01, "highs_gain_db_s": -80.0, "fade_in_time_s": 0.0, "scale": 1.0}