{"room_size": 30.0, "reverberation_time_s": 1.939443010525565, "lows_cutoff_frequency_hz": 10295.867813653076, "lows_q_factor": 0.01, "lows_gain_db_s": -80.0, "highs_cutoff_frequency_hz": 11345.1026236128, "highs_q_factor": 0.8084815007864118, "highs_gain_db_s": -80.0, "fade_in_time_s": 0.0, "scale": 0.9064631949159757}