{"room_size": 3.2459494152433885, "reverberation_time_s": 4.357842869237587, "lows_cutoff_frequency_hz": 9322.967898539802, "lows_q_factor": 0.13203700575741337, "lows_gain_db_s": -34.34861796049604, "highs_cutoff_frequency_hz": 5197.156715645631, "highs_q_factor": 0.4611858575857772, "highs_gain_db_s": -80.0, "fade_in_time_s": 0.0, "scale": 0.7785480883126523}