{"room_size": 15.643221579396227, "reverberation_time_s": 9.0, "lows_cutoff_frequency_hz": 20000.0, "lows_q_factor": 0.01, "lows_gain_db_s": -80.0, "highs_cutoff_frequency_hz": 7717.254768439601, "highs_q_factor": 0.7690067902051819, "highs_gain_db_s": -48.408278045140406, "fade_in_time_s": 0.0, "scale": 1.0}