{"room_size": 1.0, "reverberation_time_s": 1.7444187197092775, "lows_cutoff_frequency_hz": 9660.998350841024, "lows_q_factor": 0.01, "lows_gain_db_s": -32.449101256111966, "highs_cutoff_frequency_hz": 6320.218278477973, "highs_q_factor": 0.33763722031310467, "highs_gain_db_s": -71.35409215220648, "fade_in_time_s": 0.0, "scale": 1.0}