{"room_size": 30.0, "reverberation_time_s": 8.987351095745035, "lows_cutoff_frequency_hz": 13675.663723354024, "lows_q_factor": 0.01, "lows_gain_db_s": -66.32899935791883, "highs_cutoff_frequency_hz": 4107.711055754313, "highs_q_factor": 0.4736807532057192, "highs_gain_db_s": -36.094638131379824, "fade_in_time_s": 0.0, "scale": 0.8365023879461067}