{"room_size": 1.4535271659906188, "reverberation_time_s": 0.1, "lows_cutoff_frequency_hz": 17185.48067580038, "lows_q_factor": 0.9, "lows_gain_db_s": -60.18307558114458, "highs_cutoff_frequency_hz": 19737.94288438265, "highs_q_factor": 0.8655633718419713, "highs_gain_db_s": -55.46529593432082, "fade_in_time_s": 9.0, "scale": 0.00534115235290463}