{"room_size": 14.819088627009183, "reverberation_time_s": 3.934137992237165, "lows_cutoff_frequency_hz": 20000.0, "lows_q_factor": 0.5841738010065315, "lows_gain_db_s": -74.569090649636, "highs_cutoff_frequency_hz": 3231.945242521727, "highs_q_factor": 0.5475051367012275, "highs_gain_db_s": -69.13009479396838, "fade_in_time_s": 2.5046671558987024, "scale": 0.04497073868579788}