{"room_size": 8.089731837634094, "reverberation_time_s": 4.76335048778005, "lows_cutoff_frequency_hz": 10856.003573829052, "lows_q_factor": 0.11166312484690655, "lows_gain_db_s": -80.0, "highs_cutoff_frequency_hz": 9911.30714500139, "highs_q_factor": 0.487070037493764, "highs_gain_db_s": -63.49476257546868, "fade_in_time_s": 0.0, "scale": 0.2208930760354448}