{"room_size": 30.0, "reverberation_time_s": 0.1, "lows_cutoff_frequency_hz": 7595.407923491567, "lows_q_factor": 0.17232011107429118, "lows_gain_db_s": -75.33863519931643, "highs_cutoff_frequency_hz": 3306.9729639906504, "highs_q_factor": 0.9, "highs_gain_db_s": -80.0, "fade_in_time_s": 2.32855202012019, "scale": 0.16134641651709952}