{"room_size": 1.0, "reverberation_time_s": 0.8297781466759534, "lows_cutoff_frequency_hz": 418.7141916378331, "lows_q_factor": 0.3968048011753412, "lows_gain_db_s": -70.89134191264998, "highs_cutoff_frequency_hz": 20.0, "highs_q_factor": 0.2280272918710696, "highs_gain_db_s": -7.963991280905091, "fade_in_time_s": 0.0, "scale": 0.14838755202439535}