{"room_size": 1.0, "reverberation_time_s": 5.510922742990118, "lows_cutoff_frequency_hz": 11206.63680624365, "lows_q_factor": 0.01, "lows_gain_db_s": -68.23294960742894, "highs_cutoff_frequency_hz": 20000.0, "highs_q_factor": 0.07735350712181059, "highs_gain_db_s": -80.0, "fade_in_time_s": 0.0, "scale": 1.0}