{"room_size": 14.181636994922703, "reverberation_time_s": 6.066213877695755, "lows_cutoff_frequency_hz": 10159.056901191756, "lows_q_factor": 0.07173290456882198, "lows_gain_db_s": -54.244204807801566, "highs_cutoff_frequency_hz": 16564.885582210343, "highs_q_factor": 0.09068682398007863, "highs_gain_db_s": -28.058710300965956, "fade_in_time_s": 0.0, "scale": 0.18309851841772867}