{"room_size": 1.4015210830471507, "reverberation_time_s": 3.111750996290112, "lows_cutoff_frequency_hz": 20000.0, "lows_q_factor": 0.7597857867370953, "lows_gain_db_s": -51.05999530452809, "highs_cutoff_frequency_hz": 3240.841305330276, "highs_q_factor": 0.5085827266751041, "highs_gain_db_s": -80.0, "fade_in_time_s": 5.632403833020849, "scale": 1.0}