{"room_size": 1.0, "reverberation_time_s": 6.7002904044836376, "lows_cutoff_frequency_hz": 19211.60672904668, "lows_q_factor": 0.01, "lows_gain_db_s": -76.80081251399372, "highs_cutoff_frequency_hz": 5539.813737251542, "highs_q_factor": 0.5617546277932809, "highs_gain_db_s": -78.2613408797485, "fade_in_time_s": 0.6749615235400362, "scale": 0.581930103143995}