{"room_size": 8.47569850873187, "reverberation_time_s": 3.2895869557361004, "lows_cutoff_frequency_hz": 17398.502481907515, "lows_q_factor": 0.01, "lows_gain_db_s": -67.92064246478124, "highs_cutoff_frequency_hz": 20.0, "highs_q_factor": 0.01012465890255833, "highs_gain_db_s": -76.54606547824788, "fade_in_time_s": 8.557700895032339, "scale": 0.4654551186689007}