{"room_size": 1.0, "reverberation_time_s": 2.690294339235954, "lows_cutoff_frequency_hz": 20000.0, "lows_q_factor": 0.01, "lows_gain_db_s": -80.0, "highs_cutoff_frequency_hz": 4699.4987936172365, "highs_q_factor": 0.3695947936998194, "highs_gain_db_s": -80.0, "fade_in_time_s": 3.243647805911753, "scale": 1.0}