{"room_size": 4.434635668996674, "reverberation_time_s": 5.319412828770635, "lows_cutoff_frequency_hz": 20.0, "lows_q_factor": 0.06226080685972856, "lows_gain_db_s": -80.0, "highs_cutoff_frequency_hz": 20.0, "highs_q_factor": 0.01, "highs_gain_db_s": -80.0, "fade_in_time_s": 3.862179079782073, "scale": 0.7381495037338285}