{"room_size": 1.0, "reverberation_time_s": 5.235607263946023, "lows_cutoff_frequency_hz": 20000.0, "lows_q_factor": 0.7262671965190537, "lows_gain_db_s": -66.65856396778163, "highs_cutoff_frequency_hz": 2210.3913953399892, "highs_q_factor": 0.7692739993352065, "highs_gain_db_s": -80.0, "fade_in_time_s": 3.2697725895971157, "scale": 1.0}