{"room_size": 3.8369890367653556, "reverberation_time_s": 0.6420444054905099, "lows_cutoff_frequency_hz": 17979.630294104816, "lows_q_factor": 0.7676917158445048, "lows_gain_db_s": -72.26775472193223, "highs_cutoff_frequency_hz": 7478.474227968618, "highs_q_factor": 0.6995933758590608, "highs_gain_db_s": -80.0, "fade_in_time_s": 2.542223237785303, "scale": 0.8079303627113188}