{"room_size": 4.901009133701104, "reverberation_time_s": 9.0, "lows_cutoff_frequency_hz": 9561.847756720103, "lows_q_factor": 0.04079904859638024, "lows_gain_db_s": -80.0, "highs_cutoff_frequency_hz": 3620.8258004035615, "highs_q_factor": 0.9, "highs_gain_db_s": -80.0, "fade_in_time_s": 1.0142029706252944, "scale": 1.0}