{"room_size": 15.459677976901983, "reverberation_time_s": 0.1, "lows_cutoff_frequency_hz": 20000.0, "lows_q_factor": 0.01, "lows_gain_db_s": -63.36909171281901, "highs_cutoff_frequency_hz": 5587.145735320619, "highs_q_factor": 0.7513364606588899, "highs_gain_db_s": -78.11896426587514, "fade_in_time_s": 3.1075367323480068, "scale": 0.7708057556984232}