{"room_size": 28.285889108791228, "reverberation_time_s": 0.7076332650895485, "lows_cutoff_frequency_hz": 20000.0, "lows_q_factor": 0.01, "lows_gain_db_s": -49.1630472134775, "highs_cutoff_frequency_hz": 10212.253881627346, "highs_q_factor": 0.5740466419908928, "highs_gain_db_s": -70.30299033270694, "fade_in_time_s": 2.408623844608826, "scale": 1.0}