{"room_size": 29.691513709530508, "reverberation_time_s": 9.0, "lows_cutoff_frequency_hz": 14969.138738593481, "lows_q_factor": 0.01, "lows_gain_db_s": -70.33033838561174, "highs_cutoff_frequency_hz": 18959.268460926938, "highs_q_factor": 0.18355654749548414, "highs_gain_db_s": -80.0, "fade_in_time_s": 0.0, "scale": 1.0}