{"room_size": 0.28834923780381533, "damping": 1.0, "width": 0.12882643197416535, "scale": 0.7453610141870619}