{"room_size": 0.27713782266359693, "damping": 1.0, "width": 0.1147410924319726, "scale": 0.7197581979593265}