{"room_size": 0.7486915430762965, "damping": 0.6730517572398446, "width": 0.0, "scale": 0.41609107765753184}