{"source_x": 0.4248786396017104, "source_y": 0.06718771367262352, "source_z": 0.45251667228692105, "listener_x": 0.0649803851748189, "listener_y": 0.5186668040621668, "listener_z": 0.18360473674839625, "listener_pitch": 42.6908214586327, "listener_yaw": 205.98457679862403, "listener_roll": 57.706214694340325, "dimensions_x": 1.0, "dimensions_y": 22.203549214392403, "dimensions_z": 4.64534383181236, "125hz_wall_x_0": 0.6613979151579864, "250hz_wall_x_0": 0.09637296071130538, "500hz_wall_x_0": 0.006984601040586055, "1000hz_wall_x_0": 0.15319473482790566, "2000hz_wall_x_0": 0.32919012412618553, "4000hz_wall_x_0": 0.6338606795408831, "8000hz_wall_x_0": 0.7084686898373822, "16000hz_wall_x_0": 0.7714983215060469, "125hz_wall_x_1": 0.3780122687987225, "250hz_wall_x_1": 0.4208243077524216, "500hz_wall_x_1": 0.813125155638454, "1000hz_wall_x_1": 0.4242484763577759, "2000hz_wall_x_1": 0.11959986765292208, "4000hz_wall_x_1": 0.25043928401138527, "8000hz_wall_x_1": 1.0, "16000hz_wall_x_1": 0.9961181845362771, "125hz_wall_y_0": 0.011505977024596166, "250hz_wall_y_0": 0.9081149950249707, "500hz_wall_y_0": 0.04041959982652049, "1000hz_wall_y_0": 0.1369924709336029, "2000hz_wall_y_0": 0.13073305907924251, "4000hz_wall_y_0": 0.8439510655332788, "8000hz_wall_y_0": 0.7335930641843443, "16000hz_wall_y_0": 0.9958393206398181, "125hz_wall_y_1": 0.74390326718076, "250hz_wall_y_1": 0.0, "500hz_wall_y_1": 0.0, "1000hz_wall_y_1": 0.7834561787258254, "2000hz_wall_y_1": 0.36562212772703273, "4000hz_wall_y_1": 0.7660169920125148, "8000hz_wall_y_1": 0.43274982760967495, "16000hz_wall_y_1": 0.4939378041641946, "125hz_wall_z_0": 0.6185526349173923, "250hz_wall_z_0": 0.0, "500hz_wall_z_0": 0.3737049192247315, "1000hz_wall_z_0": 0.47501145020324465, "2000hz_wall_z_0": 0.4351891282394285, "4000hz_wall_z_0": 0.9332265796240868, "8000hz_wall_z_0": 0.2557366412248346, "16000hz_wall_z_0": 0.07867348076311852, "125hz_wall_z_1": 0.856917748990494, "250hz_wall_z_1": 0.18590669878853114, "500hz_wall_z_1": 0.5545857349800092, "1000hz_wall_z_1": 0.7338996197919, "2000hz_wall_z_1": 0.18577606277055153, "4000hz_wall_z_1": 0.45689497509724053, "8000hz_wall_z_1": 0.45066773235547386, "16000hz_wall_z_1": 0.7186555803645804}