{"room_size": 5.371840343742588, "reverberation_time_s": 0.5510680613961885, "lows_cutoff_frequency_hz": 6003.064993344149, "lows_q_factor": 0.7426320511331158, "lows_gain_db_s": -80.0, "highs_cutoff_frequency_hz": 11065.378647040172, "highs_q_factor": 0.5671113310457008, "highs_gain_db_s": -80.0, "fade_in_time_s": 0.0, "scale": 0.1841191822530908}