{"room_size": 2.735323360048291, "reverberation_time_s": 3.6535282750181395, "lows_cutoff_frequency_hz": 1656.1535662735641, "lows_q_factor": 0.11758257932472797, "lows_gain_db_s": -71.01537837618437, "highs_cutoff_frequency_hz": 20.0, "highs_q_factor": 0.20298202827350012, "highs_gain_db_s": -70.19275540256294, "fade_in_time_s": 0.0, "scale": 0.1279552853420599}