{"room_size": 4.650074924820823, "reverberation_time_s": 1.2988485995046377, "lows_cutoff_frequency_hz": 10589.76000697427, "lows_q_factor": 0.6660319030669841, "lows_gain_db_s": -29.8922934514205, "highs_cutoff_frequency_hz": 8958.440262384716, "highs_q_factor": 0.2546032472948339, "highs_gain_db_s": -67.26646697678609, "fade_in_time_s": 2.3926476211478506e-05, "scale": 0.24310659482387312}