{"room_size": 5.28062739270718, "reverberation_time_s": 0.49148352267930895, "lows_cutoff_frequency_hz": 5945.051655282901, "lows_q_factor": 0.8993493241854326, "lows_gain_db_s": 6.0, "highs_cutoff_frequency_hz": 20.0, "highs_q_factor": 0.01, "highs_gain_db_s": -80.0, "fade_in_time_s": 0.0, "scale": 0.344567393567331}