{"room_size": 12.920123149600125, "reverberation_time_s": 1.2372188370304171, "lows_cutoff_frequency_hz": 3053.321397569647, "lows_q_factor": 0.055533097549647505, "lows_gain_db_s": -80.0, "highs_cutoff_frequency_hz": 20.0, "highs_q_factor": 0.04514580863472125, "highs_gain_db_s": -45.70940222855119, "fade_in_time_s": 0.0, "scale": 1.0}