{"room_size": 1.1451286489869075, "reverberation_time_s": 4.26117454776463, "lows_cutoff_frequency_hz": 6892.021868363863, "lows_q_factor": 0.8875850563428889, "lows_gain_db_s": -80.0, "highs_cutoff_frequency_hz": 489.23339750302637, "highs_q_factor": 0.4329322603909498, "highs_gain_db_s": -77.09105385910718, "fade_in_time_s": 2.8355696855651358, "scale": 0.0}