{"room_size": 0.5884392824061121, "damping": 1.0, "width": 0.5100146065793606, "scale": 0.017393495730221233}