{"room_size": 0.5666711912598116, "damping": 1.0, "width": 0.318276652536156, "scale": 0.02053272284031261}