{"room_size": 0.7435706430871445, "damping": 0.6488365183215112, "width": 0.0, "scale": 0.4360739312159263}