{"room_size": 0.7446702619503991, "damping": 0.6625642002112476, "width": 0.9062994569026568, "scale": 0.19665384848870526}