{"room_size": 1.0, "reverberation_time_s": 0.1489930927614313, "lows_cutoff_frequency_hz": 20.0, "lows_q_factor": 0.9, "lows_gain_db_s": -39.98687133281573, "highs_cutoff_frequency_hz": 20.0, "highs_q_factor": 0.01, "highs_gain_db_s": -54.82751140515932, "fade_in_time_s": 0.08295247906983637, "scale": 0.0}