{"room_size": 16.093942598842116, "reverberation_time_s": 1.4776565447140755, "lows_cutoff_frequency_hz": 10862.466223074873, "lows_q_factor": 0.2470761301405498, "lows_gain_db_s": -79.05511176314177, "highs_cutoff_frequency_hz": 19933.916741900877, "highs_q_factor": 0.273223411687053, "highs_gain_db_s": -0.8622832847057822, "fade_in_time_s": 6.627164658942185, "scale": 0.0003609670693882789}