{"room_size": 12.979995022119818, "reverberation_time_s": 5.835318283209836, "lows_cutoff_frequency_hz": 5918.224176994428, "lows_q_factor": 0.1021215248801195, "lows_gain_db_s": -80.0, "highs_cutoff_frequency_hz": 13706.102663975513, "highs_q_factor": 0.7389038324075184, "highs_gain_db_s": -68.09248024756796, "fade_in_time_s": 0.0025459367823103384, "scale": 0.10108665720293374}