{"room_size": 26.452992986306352, "reverberation_time_s": 0.7256325451917872, "lows_cutoff_frequency_hz": 20.0, "lows_q_factor": 0.1995401681698131, "lows_gain_db_s": -78.16507580772833, "highs_cutoff_frequency_hz": 6139.568038213075, "highs_q_factor": 0.05067388268685964, "highs_gain_db_s": -8.351676084217459, "fade_in_time_s": 0.0, "scale": 0.16577749429265964}