{"room_size": 0.03699760419101689, "damping": 1.0, "width": 0.8655198327516959, "scale": 0.3301881788453759}