{"room_size": 0.04254421923653788, "damping": 1.0, "width": 0.11080935108949225, "scale": 0.5027487417488856}