{"room_size": 0.7418782133540345, "damping": 0.6056268212076378, "width": 0.0, "scale": 0.21234042572939146}