{"room_size": 0.72382982859646, "damping": 0.6821241320776084, "width": 0.8846412338098385, "scale": 0.20558758838039337}