{"room_size": 0.7427101142778826, "damping": 0.6276081414547638, "width": 0.1574409397723185, "scale": 0.4435332451845813}