{"room_size": 0.7287305002800242, "damping": 0.5548682305947883, "width": 0.3335074177821444, "scale": 0.14308703302410228}