{"room_size": 0.7696280586344333, "damping": 0.5844639399060632, "width": 0.2318506322271806, "scale": 0.17905456404914685}