{"room_size": 0.7538851013055676, "damping": 0.40491899219666305, "width": 1.0, "scale": 0.043008843468261684}