{"room_size": 0.680935018822411, "damping": 0.32397924235780434, "width": 0.0, "scale": 0.0839258209724452}