{"room_size": 0.6249458751046981, "damping": 0.34347687245038416, "width": 1.0, "scale": 0.04997481555501647}