{"room_size": 0.7218938935594471, "damping": 0.5580313571480888, "width": 0.6715209956623098, "scale": 0.11464095955166394}