{"room_size": 0.6019497205147257, "damping": 0.26886748484189876, "width": 0.0, "scale": 0.09662458176360685}