{"room_size": 0.6885474533714488, "damping": 0.39351841839271146, "width": 0.0, "scale": 0.1252663665277308}