{"room_size": 0.6251361559385344, "damping": 0.2829762637718797, "width": 0.0, "scale": 0.09116091056426558}