{"room_size": 0.7311588824039401, "damping": 0.19729207151033742, "width": 0.0012301595340938358, "scale": 0.043595772423140014}