{"room_size": 0.7236784405200598, "damping": 0.531608399950936, "width": 0.8868149910637317, "scale": 0.10757371488900073}