{"room_size": 0.6821940306665356, "damping": 0.3954454625393116, "width": 0.0, "scale": 0.13079545249345081}