{"room_size": 0.7195632053505208, "damping": 0.5640917745037867, "width": 0.7744949159946489, "scale": 0.12126052180249333}