{"room_size": 0.7230245637528263, "damping": 0.5726852434257828, "width": 0.0, "scale": 0.20753519215417884}