{"room_size": 0.7446725509452699, "damping": 0.5278568722196815, "width": 0.3834950268713351, "scale": 0.12011070558361431}