{"room_size": 0.5837583763499851, "damping": 0.3273158160628104, "width": 0.0, "scale": 0.10605319967678503}