{"room_size": 0.6498043992706508, "damping": 0.26754403885004663, "width": 0.0, "scale": 0.07818076557149749}