{"room_size": 0.3907489759930283, "damping": 0.15976451042042566, "width": 1.0, "scale": 0.05953444899148171}