{"room_size": 0.6313110934911512, "damping": 0.27408275717009, "width": 0.0, "scale": 0.09657905589677791}