{"room_size": 0.6778436357491964, "damping": 0.3771587990215586, "width": 0.6265630451865686, "scale": 0.07226790653289056}