{"room_size": 0.7008362457844092, "damping": 0.4035917769053172, "width": 0.9029599229112383, "scale": 0.06767116292134066}