{"room_size": 0.7193499725538842, "damping": 0.5613329641719046, "width": 1.0, "scale": 0.1103934680667001}