{"room_size": 0.7625314754283004, "damping": 0.5811520519369223, "width": 0.0, "scale": 0.2400253238224025}