{"room_size": 0.7496971659608891, "damping": 0.6184810380912557, "width": 1.0, "scale": 0.1428966594432498}