{"room_size": 0.678313632705401, "damping": 0.3053322795939864, "width": 0.17953572220112773, "scale": 0.06315568170568105}