{"room_size": 0.6955951173370875, "damping": 0.3495320027575175, "width": 1.0, "scale": 0.05711487895696012}