{"room_size": 0.6719656101016063, "damping": 0.39961017589793213, "width": 0.0, "scale": 0.14584799127530199}