{"room_size": 0.7465779882956559, "damping": 0.5160256580363728, "width": 0.1088204360025779, "scale": 0.14625294599943275}