{"room_size": 0.6247910167230417, "damping": 0.33585410298942625, "width": 0.0, "scale": 0.11188988801212398}