{"room_size": 0.6953566590509626, "damping": 0.3724434239335963, "width": 0.0, "scale": 0.11246097908071288}