{"room_size": 0.38105151650429725, "damping": 0.543124163678701, "width": 1.0, "scale": 0.14038120417303657}