{"room_size": 0.4667636241544205, "damping": 1.0, "width": 0.684752493723944, "scale": 0.8984191199927297}