{"room_size": 0.4457270763619368, "damping": 1.0, "width": 0.45089544892638844, "scale": 0.7006602326716359}