{"room_size": 0.36315484334623077, "damping": 0.5700519282730918, "width": 0.32660259585760393, "scale": 0.26802307763985134}