{"room_size": 0.42346409465196505, "damping": 0.17689320611230533, "width": 0.0, "scale": 0.05835033725564784}