{"room_size": 0.3483682246144505, "damping": 0.26056284719510286, "width": 0.0, "scale": 0.09923496838561971}