{"room_size": 0.3710721891889163, "damping": 0.6314101325126386, "width": 0.07164979702417211, "scale": 0.36369562683239226}