{"room_size": 0.39582636608525157, "damping": 1.0, "width": 0.8860169356705409, "scale": 0.6085129600027516}