{"room_size": 0.36860637138421604, "damping": 0.6834111888675599, "width": 0.38964998273402174, "scale": 0.3368431357083909}