{"room_size": 0.3422209640109231, "damping": 0.09303064156794925, "width": 0.0, "scale": 0.057843868431207826}