{"room_size": 0.2996556824526554, "damping": 0.0, "width": 0.0, "scale": 0.05876520433326586}