{"room_size": 0.32202864917881335, "damping": 0.24787174666440495, "width": 0.0008436016646483946, "scale": 0.09846994879562543}