{"room_size": 0.45160834294033153, "damping": 1.0, "width": 0.738921710460836, "scale": 0.875339410616767}