{"room_size": 0.3829269527961771, "damping": 0.9406466791263552, "width": 0.8993639422046389, "scale": 0.49129253597524297}