{"room_size": 0.4047660581333717, "damping": 1.0, "width": 0.44654381574104146, "scale": 0.752356416029401}