{"room_size": 0.3800873834637768, "damping": 0.6362503293127999, "width": 0.0, "scale": 0.3648600141713986}