{"room_size": 0.37796121495694507, "damping": 0.6441054400294199, "width": 0.7200685980653476, "scale": 0.22035080225865933}