{"room_size": 0.43322691216510334, "damping": 1.0, "width": 0.8454836229505875, "scale": 0.5765163958475671}