{"room_size": 0.3921662719669651, "damping": 0.2500325334988039, "width": 0.4340672076634349, "scale": 0.05984765154830518}