{"room_size": 0.36914411272843983, "damping": 0.23314610412567072, "width": 0.0, "scale": 0.08374040805426952}