{"room_size": 0.3576706494621445, "damping": 0.21551057354046146, "width": 0.019512263442264102, "scale": 0.076388139733701}