{"room_size": 0.3600250865991275, "damping": 0.585583711841691, "width": 0.35162179964895496, "scale": 0.24046338725030017}