{"room_size": 0.3075558275553506, "damping": 0.10915303581816838, "width": 0.0, "scale": 0.05876992872421027}