{"room_size": 0.4848990438074327, "damping": 1.0, "width": 0.5294816615480394, "scale": 0.9456991307150808}