{"room_size": 0.6042450374436612, "damping": 1.0, "width": 0.5368761481198946, "scale": 0.015501014202641446}