{"room_size": 0.7965071741993274, "damping": 1.0, "width": 0.0, "scale": 0.01668063616629225}