{"room_size": 0.5683875747214816, "damping": 1.0, "width": 0.9013333835886627, "scale": 0.17915606535645168}