{"room_size": 0.34707729723264535, "damping": 0.561839189540656, "width": 0.0, "scale": 0.06037873792511357}