{"room_size": 0.5981120224826094, "damping": 1.0, "width": 1.0, "scale": 0.2547360568737583}