{"room_size": 0.5707153036520586, "damping": 1.0, "width": 0.0, "scale": 0.21627907749596195}