{"room_size": 0.5808064532508378, "damping": 1.0, "width": 1.0, "scale": 0.12228201338260157}