{"room_size": 0.5684306229939593, "damping": 1.0, "width": 0.0, "scale": 0.1535881123051222}