{"room_size": 0.5081387761497584, "damping": 1.0, "width": 0.0, "scale": 0.17050423014057933}