{"room_size": 0.5237108670351278, "damping": 0.9115807412508029, "width": 1.0, "scale": 0.04668030960069955}