{"room_size": 0.47419433546598244, "damping": 1.0, "width": 1.0, "scale": 0.06710656703797968}