{"room_size": 0.5950383390394908, "damping": 1.0, "width": 1.0, "scale": 0.11412218129382555}