{"room_size": 1.0, "reverberation_time_s": 2.3370968381965564, "lows_cutoff_frequency_hz": 10261.480352945802, "lows_q_factor": 0.296262224665648, "lows_gain_db_s": -76.03941836666937, "highs_cutoff_frequency_hz": 8344.00950826519, "highs_q_factor": 0.8511380809243584, "highs_gain_db_s": -46.13547837722687, "dry_wet": 0.3632213404308908, "fade_in_time_s": 0.0}