{"room_size": 10.213244785611463, "reverberation_time_s": 5.977774699298477, "lows_cutoff_frequency_hz": 11622.307830569656, "lows_q_factor": 0.2571128396009489, "lows_gain_db_s": -77.59185779883201, "highs_cutoff_frequency_hz": 10918.538973548792, "highs_q_factor": 0.540509702132749, "highs_gain_db_s": -80.0, "dry_wet": 0.42177450957109, "fade_in_time_s": 0.04731008846554414}