{"room_size": 25.81763280292105, "reverberation_time_s": 0.1, "lows_cutoff_frequency_hz": 13495.972547890635, "lows_q_factor": 0.746784048373217, "lows_gain_db_s": -66.53942512827776, "highs_cutoff_frequency_hz": 20.0, "highs_q_factor": 0.5547322089023494, "highs_gain_db_s": -80.0, "dry_wet": 0.894082594306158, "fade_in_time_s": 9.0}