{"source_x": 0.2259282103735197, "source_y": 0.570320009110104, "source_z": 0.00780996970530567, "listener_x": 0.413247355462931, "listener_y": 0.4881047944665955, "listener_z": 0.5810280167714443, "listener_pitch": 232.98885942888828, "listener_yaw": 96.70317496820967, "listener_roll": 83.33368411440966, "dimensions_x": 30.636047774155394, "dimensions_y": 1.0, "dimensions_z": 2.634855724157468, "125hz_wall_x_0": 0.4398577932464659, "250hz_wall_x_0": 0.4151377130274237, "500hz_wall_x_0": 0.07332853239866573, "1000hz_wall_x_0": 0.0, "2000hz_wall_x_0": 0.6138976988329214, "4000hz_wall_x_0": 0.8866619883126466, "8000hz_wall_x_0": 0.6838887547231047, "16000hz_wall_x_0": 0.6087801207362853, "125hz_wall_x_1": 0.8755347326883678, "250hz_wall_x_1": 0.0, "500hz_wall_x_1": 0.39069501825745895, "1000hz_wall_x_1": 0.05465501795591255, "2000hz_wall_x_1": 0.39748967160998594, "4000hz_wall_x_1": 0.09898636226903051, "8000hz_wall_x_1": 0.7965628743994272, "16000hz_wall_x_1": 0.8912879440597034, "125hz_wall_y_0": 0.8184011300160354, "250hz_wall_y_0": 0.5493916796616739, "500hz_wall_y_0": 0.8783159395072002, "1000hz_wall_y_0": 0.7602520009741145, "2000hz_wall_y_0": 0.9197764476999599, "4000hz_wall_y_0": 0.5956630071061249, "8000hz_wall_y_0": 0.5068485870398374, "16000hz_wall_y_0": 0.3333910983062016, "125hz_wall_y_1": 0.7695503712312909, "250hz_wall_y_1": 0.878523694559616, "500hz_wall_y_1": 0.2542332318149283, "1000hz_wall_y_1": 0.5740161189261455, "2000hz_wall_y_1": 0.6343561284116772, "4000hz_wall_y_1": 0.7658095863062332, "8000hz_wall_y_1": 0.8810437206551072, "16000hz_wall_y_1": 0.0923396663784348, "125hz_wall_z_0": 0.17497454835104234, "250hz_wall_z_0": 0.06264568323216063, "500hz_wall_z_0": 0.24341402767731868, "1000hz_wall_z_0": 0.7766293483005499, "2000hz_wall_z_0": 0.8048789640998456, "4000hz_wall_z_0": 0.6448456097465749, "8000hz_wall_z_0": 0.9504727999761718, "16000hz_wall_z_0": 0.19206769793332182, "125hz_wall_z_1": 0.3537900180660024, "250hz_wall_z_1": 0.2588372906845922, "500hz_wall_z_1": 0.46344992145099173, "1000hz_wall_z_1": 0.7213927964247501, "2000hz_wall_z_1": 0.6135832850895617, "4000hz_wall_z_1": 0.4001540691906644, "8000hz_wall_z_1": 0.6353827902117472, "16000hz_wall_z_1": 0.9466214979856108}