{"room_size": 28.208339922618176, "reverberation_time_s": 0.10571422423803979, "lows_cutoff_frequency_hz": 8280.671102835431, "lows_q_factor": 0.01, "lows_gain_db_s": -66.46140401428117, "highs_cutoff_frequency_hz": 7221.860508310111, "highs_q_factor": 0.8035157378237336, "highs_gain_db_s": -80.0, "fade_in_time_s": 7.236895727494971, "scale": 0.0697657752946166}