{"room_size": 4.507561596545392, "reverberation_time_s": 1.805307501670957, "lows_cutoff_frequency_hz": 16286.969291995847, "lows_q_factor": 0.7187102404942262, "lows_gain_db_s": -2.7041570877400147, "highs_cutoff_frequency_hz": 6887.762814096648, "highs_q_factor": 0.5687801997304137, "highs_gain_db_s": -80.0, "fade_in_time_s": 0.7876869256207408, "scale": 0.4553857289773015}