{"room_size": 6.138149711490068, "reverberation_time_s": 4.442072887791729, "lows_cutoff_frequency_hz": 12708.236068299908, "lows_q_factor": 0.01, "lows_gain_db_s": -36.854665016246535, "highs_cutoff_frequency_hz": 2108.704035557993, "highs_q_factor": 0.9, "highs_gain_db_s": -4.859484792283666, "fade_in_time_s": 0.0, "scale": 0.23163392724132434}