{"room_size": 30.0, "reverberation_time_s": 0.1, "lows_cutoff_frequency_hz": 14952.008036868487, "lows_q_factor": 0.05083233804887163, "lows_gain_db_s": -35.220854695930676, "highs_cutoff_frequency_hz": 14499.409534471508, "highs_q_factor": 0.2785917774654647, "highs_gain_db_s": -55.01707151117734, "fade_in_time_s": 4.219388073011486, "scale": 0.5956354332837018}