{"room_size": 11.151420193455483, "reverberation_time_s": 1.1984431783242022, "lows_cutoff_frequency_hz": 716.7273626637218, "lows_q_factor": 0.9, "lows_gain_db_s": -30.17132300719954, "highs_cutoff_frequency_hz": 12262.524172961865, "highs_q_factor": 0.4121403177348317, "highs_gain_db_s": -80.0, "fade_in_time_s": 0.002387655735044039, "scale": 0.9608952291649183}