{"room_size": 1.0616896745105862, "reverberation_time_s": 9.0, "lows_cutoff_frequency_hz": 20000.0, "lows_q_factor": 0.01, "lows_gain_db_s": -44.516285384936054, "highs_cutoff_frequency_hz": 10623.204513529683, "highs_q_factor": 0.43318126011709773, "highs_gain_db_s": -79.33370786685222, "fade_in_time_s": 0.0, "scale": 0.1958258964900108}