{"room_size": 30.0, "reverberation_time_s": 9.0, "lows_cutoff_frequency_hz": 13687.958830165251, "lows_q_factor": 0.038403439071485336, "lows_gain_db_s": -56.3509987103434, "highs_cutoff_frequency_hz": 10957.367041127027, "highs_q_factor": 0.9, "highs_gain_db_s": -80.0, "fade_in_time_s": 0.0, "scale": 1.0}