{"room_size": 0.0, "damping": 0.47188483203634235, "width": 0.5280947495951577, "scale": 0.0032889461563647554}