{"room_size": 0.05340286191053712, "damping": 0.43580972373424637, "width": 0.420060650485653, "scale": 0.0018883870522073418}