{"room_size": 0.6655753909454855, "damping": 1.0, "width": 0.42101981976574476, "scale": 0.13464966598608544}