{"room_size": 0.5201803284153026, "damping": 0.8767877645192288, "width": 0.8247440787639944, "scale": 0.049619276260662336}