{"room_size": 0.5736349824229988, "damping": 1.0, "width": 1.0, "scale": 0.12489413011903147}