{"room_size": 0.5635524492807032, "damping": 1.0, "width": 0.13944075644491308, "scale": 0.10745267858208518}