{"room_size": 0.6255293488702772, "damping": 0.8317774465212179, "width": 1.0, "scale": 0.08905482326209757}