{"room_size": 0.6657266606240423, "damping": 0.9138321565002431, "width": 1.0, "scale": 0.10819083044237597}