{"room_size": 0.6361752885321023, "damping": 0.9370495463270987, "width": 0.9965818666522773, "scale": 0.11191398201147493}