{"room_size": 0.5758565575649551, "damping": 0.7963033880881355, "width": 0.3182691305408089, "scale": 0.07277867358533019}