{"room_size": 0.7271141750570338, "damping": 1.0, "width": 0.9433280872659893, "scale": 0.11152194181452325}