{"room_size": 0.5809545975750221, "damping": 1.0, "width": 0.0, "scale": 0.13811416475536584}