{"room_size": 0.6559202042323067, "damping": 0.9267438784730355, "width": 0.6003702261646097, "scale": 0.14678224481261923}