{"room_size": 0.7274303529222602, "damping": 1.0, "width": 0.8079127368771636, "scale": 0.13559879868612526}