{"room_size": 0.7254485282813593, "damping": 1.0, "width": 1.0, "scale": 0.10812202290487587}