{"loss_end_value": 5.434531134619601, "parameters": {"source_x": 1, "source_y": 1, "source_z": 1, "listener_x": 1, "listener_y": 1, "listener_z": 1, "listener_pitch": 1, "listener_yaw": 1, "listener_roll": 1, "dimensions_x": 1, "dimensions_y": 1, "dimensions_z": 1, "125hz_wall_x_0": 0.08223247604894958, "250hz_wall_x_0": 0.5299199059782489, "500hz_wall_x_0": 0.7591580819007252, "1000hz_wall_x_0": 0.017778105877629072, "2000hz_wall_x_0": 0.0353342211338299, "4000hz_wall_x_0": 0.9439471112764026, "8000hz_wall_x_0": 0.4055691877788793, "16000hz_wall_x_0": 0.44790189508192213, "125hz_wall_x_1": 0.7826359101882421, "250hz_wall_x_1": 0.5741927924832595, "500hz_wall_x_1": 0.8764258804878726, "1000hz_wall_x_1": 0.3603853082811071, "2000hz_wall_x_1": 0.42729407053437807, "4000hz_wall_x_1": 0.8338331586385297, "8000hz_wall_x_1": 0.11213940948880566, "16000hz_wall_x_1": 0.8687802442109024, "125hz_wall_y_0": 0.7913459514159519, "250hz_wall_y_0": 0.4916736605041806, "500hz_wall_y_0": 0.39582694598232837, "1000hz_wall_y_0": 0.03559736495271438, "2000hz_wall_y_0": 0.17168925266793536, "4000hz_wall_y_0": 0.1890446728496888, "8000hz_wall_y_0": 0.10286923485490354, "16000hz_wall_y_0": 0.9090412063406685, "125hz_wall_y_1": 0.5823286772698685, "250hz_wall_y_1": 0.8988312402509403, "500hz_wall_y_1": 0.43500218446013394, "1000hz_wall_y_1": 0.07836777978946875, "2000hz_wall_y_1": 0.22470751874248024, "4000hz_wall_y_1": 0.6976260420518142, "8000hz_wall_y_1": 0.49999015936866364, "16000hz_wall_y_1": 0.5042786316820922, "125hz_wall_z_0": 0.7462474511531278, "250hz_wall_z_0": 0.8771768813797105, "500hz_wall_z_0": 0.22107584514349005, "1000hz_wall_z_0": 0.2873794939792614, "2000hz_wall_z_0": 0.9932644213147555, "4000hz_wall_z_0": 0.8615852696925713, "8000hz_wall_z_0": 0.10884519887661395, "16000hz_wall_z_0": 0.3658083854015493, "125hz_wall_z_1": 0.565486861971761, "250hz_wall_z_1": 0.4056805886413123, "500hz_wall_z_1": 0.0322704794056995, "1000hz_wall_z_1": 0.16937394441805356, "2000hz_wall_z_1": 0.4306925612834487, "4000hz_wall_z_1": 0.7804343859984533, "8000hz_wall_z_1": 0.4271717339622765, "16000hz_wall_z_1": 0.7899309181158285, "scale": 0.3861259616699739}}