{"room_size": 2.842346096401096, "reverberation_time_s": 9.0, "lows_cutoff_frequency_hz": 20000.0, "lows_q_factor": 0.01, "lows_gain_db_s": -47.48473537494464, "highs_cutoff_frequency_hz": 20.0, "highs_q_factor": 0.01, "highs_gain_db_s": -80.0, "fade_in_time_s": 4.934142284412063, "scale": 1.0}