{"room_size": 1.0, "reverberation_time_s": 7.181366270292223, "lows_cutoff_frequency_hz": 17552.110285517065, "lows_q_factor": 0.9, "lows_gain_db_s": -80.0, "highs_cutoff_frequency_hz": 7247.282734257858, "highs_q_factor": 0.9, "highs_gain_db_s": -80.0, "fade_in_time_s": 6.779834100919331, "scale": 1.0}