{"room_size": 3.040420208074798, "reverberation_time_s": 2.105809661988547, "lows_cutoff_frequency_hz": 8045.732766375553, "lows_q_factor": 0.02224124557725663, "lows_gain_db_s": -56.15929702574262, "highs_cutoff_frequency_hz": 4992.096217498701, "highs_q_factor": 0.6563041663570475, "highs_gain_db_s": -49.74499335886769, "fade_in_time_s": 0.5650226544284669, "scale": 0.8260195654006262}