{"room_size": 1.0, "reverberation_time_s": 3.9550774633893395, "lows_cutoff_frequency_hz": 3427.4608538108055, "lows_q_factor": 0.07025177594129937, "lows_gain_db_s": -69.86178108849543, "highs_cutoff_frequency_hz": 5800.19761380163, "highs_q_factor": 0.5298825081780159, "highs_gain_db_s": -80.0, "fade_in_time_s": 1.3837986867463372, "scale": 0.9628513606680625}