{"room_size": 1.0, "reverberation_time_s": 0.1, "lows_cutoff_frequency_hz": 2772.6386940029206, "lows_q_factor": 0.01, "lows_gain_db_s": -79.33568377507564, "highs_cutoff_frequency_hz": 9294.434311461715, "highs_q_factor": 0.5190302244835346, "highs_gain_db_s": -80.0, "fade_in_time_s": 8.58323319713419, "scale": 0.9996622868922957}