{"room_size": 1.0, "reverberation_time_s": 6.166622205516613, "lows_cutoff_frequency_hz": 12689.34164753866, "lows_q_factor": 0.01, "lows_gain_db_s": -60.66156474847425, "highs_cutoff_frequency_hz": 4127.411046663717, "highs_q_factor": 0.6626083982294453, "highs_gain_db_s": -80.0, "fade_in_time_s": 0.5680097747007896, "scale": 0.861154200689589}