{"room_size": 1.0, "reverberation_time_s": 5.015747323206693, "lows_cutoff_frequency_hz": 20000.0, "lows_q_factor": 0.9, "lows_gain_db_s": -59.654857453949234, "highs_cutoff_frequency_hz": 5292.536923700186, "highs_q_factor": 0.6298037033472978, "highs_gain_db_s": -78.72437005613949, "fade_in_time_s": 5.060838376553913, "scale": 1.0}