{"room_size": 6.735508017446179, "reverberation_time_s": 3.692209074181145, "lows_cutoff_frequency_hz": 6841.4238464991295, "lows_q_factor": 0.01, "lows_gain_db_s": -80.0, "highs_cutoff_frequency_hz": 1936.2383430019006, "highs_q_factor": 0.8753825802042942, "highs_gain_db_s": -80.0, "fade_in_time_s": 2.2964528875579426, "scale": 0.8672812516187379}