{"room_size": 1.0, "reverberation_time_s": 4.470550265237753, "lows_cutoff_frequency_hz": 20000.0, "lows_q_factor": 0.7562231386563756, "lows_gain_db_s": -58.3739051877302, "highs_cutoff_frequency_hz": 3608.843220206526, "highs_q_factor": 0.5224272907670291, "highs_gain_db_s": -80.0, "fade_in_time_s": 9.0, "scale": 0.5999515092490523}