{"room_size": 1.0, "reverberation_time_s": 0.2899570797921214, "lows_cutoff_frequency_hz": 12614.900924281379, "lows_q_factor": 0.01, "lows_gain_db_s": -52.868065490676464, "highs_cutoff_frequency_hz": 2817.7652880563915, "highs_q_factor": 0.6625371211016066, "highs_gain_db_s": -80.0, "fade_in_time_s": 1.754395743850661, "scale": 1.0}