{"room_size": 2.030943618838716, "reverberation_time_s": 9.0, "lows_cutoff_frequency_hz": 12587.320782810475, "lows_q_factor": 0.01, "lows_gain_db_s": -69.1161866547402, "highs_cutoff_frequency_hz": 3151.153058837841, "highs_q_factor": 0.6438999859294443, "highs_gain_db_s": -80.0, "fade_in_time_s": 0.70682645106344, "scale": 1.0}