{"room_size": 0.5012783520472165, "damping": 0.2745559817080132, "width": 0.2396235028876471, "scale": 0.04635394474257502}