{"room_size": 0.3733162499054591, "damping": 0.23809454677518907, "width": 1.0, "scale": 0.03329944560990959}