{"room_size": 0.48083980684805033, "damping": 1.0, "width": 0.6480222473720004, "scale": 0.8254956885499147}