{"room_size": 0.3834345511152622, "damping": 0.7021393283957506, "width": 0.6949392832703223, "scale": 0.2737596413679002}