{"room_size": 0.4300042460126746, "damping": 0.24616824611521604, "width": 0.4255402418741568, "scale": 0.051330578389789244}