{"room_size": 0.4479702284842841, "damping": 1.0, "width": 0.4732791760745428, "scale": 0.6886679769419473}