{"room_size": 0.37863594010401264, "damping": 0.6474696606840815, "width": 0.0, "scale": 0.37440776674823967}