{"room_size": 0.41268165956643954, "damping": 0.5266447737703536, "width": 0.06957571061455183, "scale": 0.23236489348942765}