{"room_size": 0.4924353862150245, "damping": 1.0, "width": 1.0, "scale": 0.6818223393523762}