{"room_size": 0.43952303054767317, "damping": 0.27915275511353654, "width": 0.006499426045346857, "scale": 0.0691090691432456}