{"room_size": 0.445226798385998, "damping": 1.0, "width": 0.43170748254033187, "scale": 0.7361267683206482}