{"room_size": 0.40127121336441685, "damping": 0.6815398561510372, "width": 0.5046479977250643, "scale": 0.24149128620460214}