{"room_size": 0.3821386995273847, "damping": 0.6969396411117714, "width": 0.2806643012178275, "scale": 0.30089338396030607}