{"room_size": 0.4363089118585591, "damping": 0.22015464157115458, "width": 0.2736648143864125, "scale": 0.04371880783703175}