{"room_size": 0.4212751493022374, "damping": 1.0, "width": 0.8998957372551725, "scale": 0.5922820816497048}