{"room_size": 0.46807670963450543, "damping": 1.0, "width": 0.8658138806681559, "scale": 0.8082517610694855}