{"room_size": 0.3617030488409078, "damping": 0.20723817979274645, "width": 0.0, "scale": 0.06633767304795382}