{"room_size": 0.385346204841959, "damping": 0.9869801622243943, "width": 0.8215905335568817, "scale": 0.5211637072676681}