{"room_size": 0.40993847641431297, "damping": 1.0, "width": 0.21788907851806447, "scale": 0.9278198393295745}