{"room_size": 0.37577167819443713, "damping": 0.5721143333231392, "width": 0.0, "scale": 0.3082121689150974}