{"room_size": 0.38508858110326216, "damping": 0.6394755597851072, "width": 0.0, "scale": 0.3753053160595233}