{"room_size": 0.3110353781663703, "damping": 0.36594529899892214, "width": 0.0, "scale": 0.11268370183739188}