{"room_size": 0.4226771590902926, "damping": 0.1814460371988717, "width": 0.0, "scale": 0.05403755287148694}