{"room_size": 0.42049085513581935, "damping": 0.29159383100107633, "width": 0.8282854144717162, "scale": 0.04402507503246726}