{"room_size": 0.05268126954289274, "damping": 0.281283701940686, "wet_level": 1.0, "dry_level": 0.8615380100539269, "width": 1.0}