{"room_size": 0.060519543049715845, "damping": 0.4062395697934689, "wet_level": 0.8863443703881562, "dry_level": 0.740166718560832, "width": 1.0}