{"room_size": 0.002235511851100646, "damping": 0.59495421115808, "wet_level": 0.6401035781775266, "dry_level": 0.9158262219526978, "width": 0.0}