{"room_size": 0.6148351860486381, "damping": 1.0, "width": 0.33678729514698325, "scale": 0.3217935309217811}