{"room_size": 0.0, "damping": 0.0, "wet_level": 0.16194027073451844, "dry_level": 0.8835515311411611, "width": 1.0}