{"room_size": 0.0, "damping": 0.0, "wet_level": 0.1038159245204008, "dry_level": 0.5399605889315268, "width": 0.8377054565878694}