{"room_size": 0.0, "damping": 0.5114417690661269, "wet_level": 0.1287404377711042, "dry_level": 0.8431683386653152, "width": 1.0}