{"room_size": 0.5994313336991409, "damping": 0.8240154831728412, "width": 0.0, "scale": 0.025002258382220654}