{"room_size": 0.5905257786842181, "damping": 0.9455343810469321, "width": 0.0, "scale": 0.02733985162285516}