{"room_size": 0.48412373289282096, "damping": 0.9656510375074646, "width": 0.0, "scale": 0.03415576359561088}