{"room_size": 0.5907849754012396, "damping": 0.8162616144550086, "width": 0.0, "scale": 0.02592471937099232}