{"room_size": 0.5116741758582485, "damping": 0.8521489734297838, "width": 1.0, "scale": 0.055686195545752215}