{"room_size": 0.5731402280605962, "damping": 1.0, "width": 0.0, "scale": 0.1905057247722569}