{"room_size": 0.48554456152660286, "damping": 0.6769502194875964, "width": 0.6871064417663714, "scale": 0.040074142345058614}