{"room_size": 0.5976229751586308, "damping": 1.0, "width": 1.0, "scale": 0.10953995817297744}