{"room_size": 0.5189716381481598, "damping": 0.8877792988247579, "width": 0.5295315752795045, "scale": 0.05381811886039724}