{"room_size": 0.5807697832693949, "damping": 1.0, "width": 0.08019345406289202, "scale": 0.3114684566002912}