{"room_size": 0.488789696698787, "damping": 1.0, "width": 0.0, "scale": 0.0314668952730089}