{"room_size": 0.5040426376874013, "damping": 1.0, "width": 0.0, "scale": 0.031343297577759555}