{"room_size": 0.13271036870997735, "damping": 1.0, "width": 0.8972900059102636, "scale": 0.013891817542044506}