{"room_size": 0.0, "damping": 0.5474081035452201, "width": 0.20330482253205825, "scale": 0.006642414385413861}