{"room_size": 0.052734488751061265, "damping": 0.14328118436333537, "width": 0.0680816370700765, "scale": 0.004412772553934302}