{"room_size": 0.046032683444097056, "damping": 1.0, "width": 0.176524208141642, "scale": 0.023845031972417916}