{"room_size": 0.02984274666239182, "damping": 0.14972581352103315, "width": 0.8595831632150503, "scale": 0.0029278555134914733}