{"room_size": 0.08807522777342593, "damping": 1.0, "width": 0.613191329279938, "scale": 0.010153665349857255}