{"room_size": 0.023052076185736497, "damping": 0.5020545436524148, "width": 0.25335448734756244, "scale": 0.00330452216172058}