{"room_size": 0.0, "damping": 1.0, "width": 0.5709433341578439, "scale": 0.008446791575261547}