{"room_size": 0.34731800833671317, "damping": 0.5567788899843733, "width": 0.21294620906707923, "scale": 0.0017810065103108024}