{"room_size": 0.051526063120239954, "damping": 0.6868392476478589, "width": 0.6542100425027032, "scale": 0.003295829890605852}