{"room_size": 0.7430437411343078, "damping": 0.6353647970611053, "width": 0.0, "scale": 0.4214499557929482}