{"room_size": 0.0, "damping": 0.6133139791081366, "width": 0.002669705900809211, "scale": 0.09956330450607453}