{"room_size": 0.09466614690520049, "damping": 1.0, "width": 0.35612922350513515, "scale": 0.36948570078876347}