{"room_size": 0.0, "damping": 0.49371483921589265, "width": 0.0, "scale": 0.07895903384178814}