{"room_size": 0.1105222570956112, "damping": 1.0, "width": 0.38545842662147745, "scale": 0.22352939443880745}