{"room_size": 0.10765274729511885, "damping": 1.0, "width": 0.0, "scale": 0.34273072046119946}