{"room_size": 0.32906737173326983, "damping": 0.0, "width": 0.6402717323278294, "scale": 0.02334516415081974}