{"room_size": 0.36399042851457725, "damping": 0.0, "width": 0.614918185989807, "scale": 0.020065672028883933}