{"room_size": 0.6176797744984411, "damping": 1.0, "width": 0.9741317093784196, "scale": 0.23053126727660123}