{"room_size": 0.6107967276642117, "damping": 1.0, "width": 1.0, "scale": 0.24590652936925914}