{"room_size": 0.23049430146716107, "damping": 0.905490326384983, "width": 0.9634640248052818, "scale": 0.1775871518152289}