{"loss_end_value": 7.098538371378432, "parameters": {"output_mode": "Stereo", "source_gain_db": 0, "render_line_of_sight": false, "source_x": 0.5, "source_y": 0.5, "source_z": 0.5, "listener_x": 0.9, "listener_y": 0.8, "listener_z": 0.7, "listener_pitch": 0.0, "listener_yaw": 0.0, "listener_roll": 0.0, "dimensions_x_m": 7, "dimensions_y_m": 6, "dimensions_z_m": 4, "125hz_wall_x_0": 0.0, "250hz_wall_x_0": 0.0, "500hz_wall_x_0": 0.4683360731189727, "1000hz_wall_x_0": 0.1057812345036461, "2000hz_wall_x_0": 0.0, "4000hz_wall_x_0": 0.006587838742762928, "8000hz_wall_x_0": 0.8225663927756497, "16000hz_wall_x_0": 0.4484648648373722, "125hz_wall_x_1": 0.5189523056377722, "250hz_wall_x_1": 0.2102317515746073, "500hz_wall_x_1": 0.11366164870987557, "1000hz_wall_x_1": 0.21966736820195182, "2000hz_wall_x_1": 0.4418387480113119, "4000hz_wall_x_1": 0.06246693168504566, "8000hz_wall_x_1": 0.0, "16000hz_wall_x_1": 0.3145701609709218, "125hz_wall_y_0": 0.3370296986629652, "250hz_wall_y_0": 0.5950633354394448, "500hz_wall_y_0": 0.0, "1000hz_wall_y_0": 0.022513052617176184, "2000hz_wall_y_0": 0.19732819946586708, "4000hz_wall_y_0": 0.0, "8000hz_wall_y_0": 0.08540518939309667, "16000hz_wall_y_0": 0.27116011000411677, "125hz_wall_y_1": 0.6230049746019853, "250hz_wall_y_1": 0.9327329721573592, "500hz_wall_y_1": 0.3024382138951472, "1000hz_wall_y_1": 0.38848306757563755, "2000hz_wall_y_1": 0.9761596114376886, "4000hz_wall_y_1": 0.1820178986823051, "8000hz_wall_y_1": 0.7411306563484096, "16000hz_wall_y_1": 0.2597125055558267, "125hz_wall_z_0": 0.5435393557669634, "250hz_wall_z_0": 0.3024233385752786, "500hz_wall_z_0": 0.009206057582012511, "1000hz_wall_z_0": 0.200406684906472, "2000hz_wall_z_0": 0.6085364041881728, "4000hz_wall_z_0": 0.4203476192370564, "8000hz_wall_z_0": 0.6930799946946532, "16000hz_wall_z_0": 0.1963467395013909, "125hz_wall_z_1": 0.0, "250hz_wall_z_1": 0.8747282806504605, "500hz_wall_z_1": 0.8606811699676012, "1000hz_wall_z_1": 0.40663526706051834, "2000hz_wall_z_1": 0.23109100169614671, "4000hz_wall_z_1": 0.7449350518158263, "8000hz_wall_z_1": 0.24490775398930523, "16000hz_wall_z_1": 0.02390023025489976, "scale": 0.430994458662529}}