{"room_size": 0.5948983490237807, "damping": 0.8449021253850137, "width": 0.0, "scale": 0.025210525827324554}