{"room_size": 0.5191166466760723, "damping": 1.0, "width": 0.0, "scale": 0.03205536917486678}