{"room_size": 5.538017037366936, "reverberation_time_s": 2.1794202489753958, "lows_cutoff_frequency_hz": 5262.089736694296, "lows_q_factor": 0.08524021543160301, "lows_gain_db_s": -35.16723710082787, "highs_cutoff_frequency_hz": 11734.918322069387, "highs_q_factor": 0.19900130567307905, "highs_gain_db_s": -62.149451159380966, "fade_in_time_s": 0.4216489804008767, "scale": 0.34364856413325795}