{"room_size": 1.571033883954679, "reverberation_time_s": 8.6215853723561, "lows_cutoff_frequency_hz": 20000.0, "lows_q_factor": 0.8441133140677054, "lows_gain_db_s": -48.75683239958288, "highs_cutoff_frequency_hz": 4292.2491334733395, "highs_q_factor": 0.6307238828408657, "highs_gain_db_s": -80.0, "fade_in_time_s": 0.4928441253695661, "scale": 0.8911781318367642}