{"room_size": 30.0, "reverberation_time_s": 0.17365910653482208, "lows_cutoff_frequency_hz": 15337.32224348506, "lows_q_factor": 0.01, "lows_gain_db_s": -80.0, "highs_cutoff_frequency_hz": 16752.09706067328, "highs_q_factor": 0.10432881423909424, "highs_gain_db_s": -80.0, "fade_in_time_s": 6.3584192106232775, "scale": 1.0}