{"room_size": 5.733323032928186, "reverberation_time_s": 5.554806184193022, "lows_cutoff_frequency_hz": 19334.506745895367, "lows_q_factor": 0.01, "lows_gain_db_s": -57.5580102446103, "highs_cutoff_frequency_hz": 13132.491840644405, "highs_q_factor": 0.22803747352143006, "highs_gain_db_s": -80.0, "fade_in_time_s": 0.0, "scale": 0.4267904078155672}