{"room_size": 18.189048125276802, "reverberation_time_s": 9.0, "lows_cutoff_frequency_hz": 4474.0586387161175, "lows_q_factor": 0.01, "lows_gain_db_s": -46.05371388773235, "highs_cutoff_frequency_hz": 5094.880810080362, "highs_q_factor": 0.2789054638655604, "highs_gain_db_s": -80.0, "fade_in_time_s": 0.0, "scale": 0.8067617713930969}