{"room_size": 3.278814979744806, "reverberation_time_s": 3.2711139652451826, "lows_cutoff_frequency_hz": 14367.601882188796, "lows_q_factor": 0.01, "lows_gain_db_s": -80.0, "highs_cutoff_frequency_hz": 4005.6584096089596, "highs_q_factor": 0.6168155900273752, "highs_gain_db_s": -79.38585599098403, "fade_in_time_s": 0.25579803099102577, "scale": 0.5045233506326057}