{"room_size": 11.314388620825365, "reverberation_time_s": 4.790521545867359, "lows_cutoff_frequency_hz": 8078.477845080005, "lows_q_factor": 0.035910099505925754, "lows_gain_db_s": -80.0, "highs_cutoff_frequency_hz": 11935.346298519562, "highs_q_factor": 0.32840356380257596, "highs_gain_db_s": -80.0, "fade_in_time_s": 1.9381368378109674, "scale": 0.7199326903504508}