{"room_size": 1.0, "reverberation_time_s": 5.082589250073011, "lows_cutoff_frequency_hz": 4099.80263876526, "lows_q_factor": 0.01, "lows_gain_db_s": -1.0241744965231874, "highs_cutoff_frequency_hz": 20.0, "highs_q_factor": 0.01, "highs_gain_db_s": -80.0, "fade_in_time_s": 2.0699058087169813, "scale": 0.9800472635151251}