{"loss_end_value": 3.1775151306859613, "parameters": {"dimensions_x": 10.0, "dimensions_y": 15.0, "dimensions_z": 10.0, "listener_pitch": 0.0, "listener_roll": 0.0, "listener_x": 0.1, "listener_y": 0.8, "listener_yaw": 0.0, "listener_z": 0.6, "source_x": 0.4, "source_y": 0.75, "source_z": 0.5, "125hz_wall_x_0": 0.6024857085030347, "250hz_wall_x_0": 0.5497053312721689, "500hz_wall_x_0": 0.40159624593564547, "1000hz_wall_x_0": 0.2893414417906365, "2000hz_wall_x_0": 0.34490588392476484, "4000hz_wall_x_0": 0.04755006824146525, "8000hz_wall_x_0": 0.9194826583968422, "16000hz_wall_x_0": 0.6706403127284084, "125hz_wall_x_1": 0.3745665117014162, "250hz_wall_x_1": 0.22315419338709397, "500hz_wall_x_1": 0.39644059075152593, "1000hz_wall_x_1": 0.45433861777166523, "2000hz_wall_x_1": 0.7681939744446784, "4000hz_wall_x_1": 0.47791974579244556, "8000hz_wall_x_1": 0.6269867183368135, "16000hz_wall_x_1": 0.25616036640577816, "125hz_wall_y_0": 0.8715287408965273, "250hz_wall_y_0": 0.2603033818947243, "500hz_wall_y_0": 0.635031183288088, "1000hz_wall_y_0": 0.7507425373078472, "2000hz_wall_y_0": 0.38871979170600357, "4000hz_wall_y_0": 0.7543106469346601, "8000hz_wall_y_0": 0.30925069499602853, "16000hz_wall_y_0": 0.6820927597359911, "125hz_wall_y_1": 0.2676039966707179, "250hz_wall_y_1": 0.7087499262119854, "500hz_wall_y_1": 0.8007152766775185, "1000hz_wall_y_1": 0.7913350870157783, "2000hz_wall_y_1": 0.6386023213211398, "4000hz_wall_y_1": 0.5620150638610557, "8000hz_wall_y_1": 0.33684398506399643, "16000hz_wall_y_1": 0.7582480676933971, "125hz_wall_z_0": 0.47763577125614726, "250hz_wall_z_0": 0.02854422771292349, "500hz_wall_z_0": 0.3660931086600434, "1000hz_wall_z_0": 0.5553802992789701, "2000hz_wall_z_0": 0.6808253790988713, "4000hz_wall_z_0": 0.5286960282090082, "8000hz_wall_z_0": 0.49698484173054347, "16000hz_wall_z_0": 0.21912604872471853, "125hz_wall_z_1": 0.0, "250hz_wall_z_1": 0.010383797404055362, "500hz_wall_z_1": 0.740304003141983, "1000hz_wall_z_1": 0.28997114300328525, "2000hz_wall_z_1": 0.47457677046809005, "4000hz_wall_z_1": 0.7787862573414059, "8000hz_wall_z_1": 0.5278377727453127, "16000hz_wall_z_1": 0.5653066674142112, "scale": 0.38611832117176814}}