{"room_size": 0.6240712137466254, "damping": 1.0, "width": 0.0, "scale": 0.34370387914362965}