{"room_size": 0.6132538027788509, "damping": 1.0, "width": 1.0, "scale": 0.21657071740702563}