{"room_size": 0.6117226615791781, "damping": 1.0, "width": 1.0, "scale": 0.21326246345192038}