{"room_size": 0.035542722973438065, "damping": 0.20173423238010063, "width": 1.0, "scale": 0.005742008413933123}