{"room_size": 0.0037924943682310975, "damping": 0.7375136848219705, "width": 0.6143742230699842, "scale": 0.004313151785901604}