{"room_size": 0.0, "damping": 0.3556393780759064, "width": 0.3924933273582962, "scale": 0.0020287224954845654}