{"room_size": 0.15960547987830173, "damping": 0.6832558846267401, "width": 1.0, "scale": 0.004291114253007293}