{"room_size": 0.09472872513367896, "damping": 1.0, "width": 0.1469368983270753, "scale": 0.015341351507708087}