{"room_size": 0.0, "damping": 1.0, "width": 0.6870211320236966, "scale": 0.017154224644913355}