{"room_size": 0.0, "damping": 0.8473161738987597, "width": 0.949229625680484, "scale": 0.009876883938069346}