{"room_size": 0.0, "damping": 0.32371916629336706, "width": 0.0, "scale": 0.0023847696041792957}