{"room_size": 0.393755489437498, "damping": 0.6932521940448875, "width": 0.38787642788081395, "scale": 0.0001010037736483872}