{"room_size": 0.10594846455286983, "damping": 1.0, "width": 0.3558879906383235, "scale": 0.16449216692473337}