{"source_x": 0.30385740762178554, "source_y": 0.1776949374561351, "source_z": 0.24427221206802435, "listener_x": 0.16409214450652734, "listener_y": 0.33415912469890025, "listener_z": 0.09437292830044999, "listener_pitch": 292.3662554924774, "listener_yaw": 154.0916591932826, "listener_roll": 124.86784343402981, "dimensions_x": 38.54302416141575, "dimensions_y": 81.13123412230354, "dimensions_z": 68.39868025527464, "125hz_wall_x_0": 0.02858324716141703, "250hz_wall_x_0": 0.3755779749703101, "500hz_wall_x_0": 0.9197259267176742, "1000hz_wall_x_0": 0.17191324833788793, "2000hz_wall_x_0": 0.450016340267239, "4000hz_wall_x_0": 0.17998223208326272, "8000hz_wall_x_0": 0.3085171246700233, "16000hz_wall_x_0": 0.9889816574627798, "125hz_wall_x_1": 0.9228435360911242, "250hz_wall_x_1": 0.13187791320711809, "500hz_wall_x_1": 0.9885955271650437, "1000hz_wall_x_1": 0.0695775821393846, "2000hz_wall_x_1": 0.05743923171415745, "4000hz_wall_x_1": 0.8678825275018819, "8000hz_wall_x_1": 0.8638420809581764, "16000hz_wall_x_1": 0.7598235676568148, "125hz_wall_y_0": 0.6953596088739089, "250hz_wall_y_0": 0.4845115205148599, "500hz_wall_y_0": 0.5606718950163948, "1000hz_wall_y_0": 0.9911078455000785, "2000hz_wall_y_0": 0.08316526788587665, "4000hz_wall_y_0": 0.7651928045972728, "8000hz_wall_y_0": 0.31064629349180667, "16000hz_wall_y_0": 0.7711814866861437, "125hz_wall_y_1": 0.26657615814963803, "250hz_wall_y_1": 0.3654581873155112, "500hz_wall_y_1": 0.05168241955925991, "1000hz_wall_y_1": 0.01191448672858542, "2000hz_wall_y_1": 0.9423629799491401, "4000hz_wall_y_1": 0.9495549761971289, "8000hz_wall_y_1": 0.9667326860070756, "16000hz_wall_y_1": 0.43919940515339884, "125hz_wall_z_0": 0.16558615760214337, "250hz_wall_z_0": 0.9857253350750149, "500hz_wall_z_0": 0.7716836167021339, "1000hz_wall_z_0": 0.8418614436777805, "2000hz_wall_z_0": 0.30150026037138394, "4000hz_wall_z_0": 0.9503996591168826, "8000hz_wall_z_0": 0.7833424713093383, "16000hz_wall_z_0": 0.37160831623327023, "125hz_wall_z_1": 0.26094864485580255, "250hz_wall_z_1": 0.4398641474170041, "500hz_wall_z_1": 0.4357752487799402, "1000hz_wall_z_1": 0.5914836746049359, "2000hz_wall_z_1": 0.7315973612478619, "4000hz_wall_z_1": 0.06025293403006905, "8000hz_wall_z_1": 0.36019887545806734, "16000hz_wall_z_1": 0.21079723568963254, "scale": 0.4639624046801545}