{"room_size": 0.23890944389707627, "damping": 0.7912421283289889, "width": 0.6247564223571267, "scale": 0.49478396531229224}