{"room_size": 0.23781377915402946, "damping": 0.7771994965086736, "width": 0.3499142445981745, "scale": 0.4658521553650112}