{"room_size": 0.23467727616623757, "damping": 0.7282965213484649, "width": 0.3503866349460415, "scale": 0.9371433132745768}