{"room_size": 0.18781607292458719, "damping": 0.7175688226195998, "width": 0.32533791753353297, "scale": 0.8740968052715141}