{"room_size": 0.0, "damping": 1.0, "width": 0.6711958273783857, "scale": 0.35542785261730314}