{"room_size": 0.6838565578318565, "damping": 0.5352718402232178, "wet_level": 0.24595037344112863, "dry_level": 0.9714596073113428, "width": 1.0}