{"room_size": 0.6220250660058874, "damping": 0.5675147802075756, "wet_level": 0.6077532450229924, "dry_level": 0.944787042874861, "width": 0.0}