{"room_size": 0.6644916455931178, "damping": 0.5171485100201125, "wet_level": 0.3937660589471134, "dry_level": 0.9822718314953601, "width": 1.0}