{"room_size": 0.6255803722440291, "damping": 1.0, "width": 0.0, "scale": 0.1628079031584989}