{"room_size": 0.5703997160361842, "damping": 1.0, "width": 1.0, "scale": 0.1173199632602141}