{"room_size": 0.5465322267700023, "damping": 1.0, "width": 1.0, "scale": 0.08130890005512038}