{"room_size": 0.36819542199912225, "damping": 0.5470321614268991, "width": 0.0, "scale": 0.05339302162441688}