{"room_size": 0.4630788684092061, "damping": 0.8882435198001305, "width": 0.0, "scale": 0.09689205184509232}