{"room_size": 0.7328941439296907, "damping": 0.5577394374045909, "width": 0.8769239857139159, "scale": 0.10685107103389746}