{"room_size": 0.5370421181901615, "damping": 0.35565153864475535, "width": 0.0, "scale": 0.1852526039674744}