{"room_size": 0.7740399797160095, "damping": 0.4834586661363477, "width": 0.0, "scale": 0.7741180498783121}