{"room_size": 0.6926882858459705, "damping": 0.3998092893980999, "width": 0.8036169074140725, "scale": 0.06939949073216976}