{"room_size": 0.5788448016204638, "damping": 0.3542920319872817, "width": 0.0, "scale": 0.1686217692685862}