{"room_size": 0.5880679816914589, "damping": 0.2160566155626939, "width": 1.0, "scale": 0.03552841031469055}