{"room_size": 0.7569714773739268, "damping": 0.6183551447486567, "width": 0.7153845787492551, "scale": 0.15344626701439515}