{"room_size": 0.6847315419555025, "damping": 0.3819537463346612, "width": 0.3689884831181581, "scale": 0.09578741065110932}