{"room_size": 0.7593558809205743, "damping": 0.5208174740772518, "width": 0.42063315629012366, "scale": 0.11190925138976301}