{"room_size": 0.6592276244581531, "damping": 0.32362135430595623, "width": 0.0, "scale": 0.10128332045655207}