{"room_size": 0.7338507642251333, "damping": 0.5342870948169121, "width": 0.9314399963711909, "scale": 0.10481531930096988}