{"room_size": 0.6713089981665572, "damping": 0.26117484846169103, "width": 0.01759399782015417, "scale": 0.0672724987577292}