{"room_size": 0.7205656611053239, "damping": 0.5476699922883796, "width": 1.0, "scale": 0.10344199636092537}