{"room_size": 0.7493897818335835, "damping": 0.6071542980002856, "width": 0.489381930210582, "scale": 0.32925245431722033}