{"room_size": 0.6986282453668688, "damping": 0.39129266893281894, "width": 0.6931869782837449, "scale": 0.06835325353101172}