{"room_size": 0.6831483475508829, "damping": 0.3182123782235951, "width": 0.0, "scale": 0.074753820338053}