{"room_size": 0.7355181349555474, "damping": 0.6310272688939127, "width": 0.0, "scale": 0.28736516582262245}