{"room_size": 0.6712999813917891, "damping": 0.29216739692115967, "width": 0.0, "scale": 0.07802425941309454}