{"room_size": 0.6973308650552422, "damping": 0.4665076492374928, "width": 0.765651498533665, "scale": 0.08799792734954699}