{"room_size": 0.6310601859263621, "damping": 0.2746015383094204, "width": 0.12649201030480192, "scale": 0.0975864720750111}