{"room_size": 0.6820358153646877, "damping": 0.2985792337256672, "width": 0.5245967532651146, "scale": 0.060377817491249014}