{"room_size": 0.7430703958058985, "damping": 0.6398278652346323, "width": 0.5312426450758551, "scale": 0.19906979741448427}