{"room_size": 0.6826207305749191, "damping": 0.28051490815591046, "width": 0.0, "scale": 0.07031650343142754}