{"room_size": 0.7044090226273542, "damping": 0.39348343280375137, "width": 0.08999259035671901, "scale": 0.10294722947605264}