{"room_size": 0.717605034882997, "damping": 0.5831078236541214, "width": 0.839893025821586, "scale": 0.11876717342714357}