{"room_size": 0.6990314258810253, "damping": 0.4175837960126427, "width": 0.0, "scale": 0.1256480078456229}