{"room_size": 0.6940523280800717, "damping": 0.37860188833801917, "width": 0.3844100882753405, "scale": 0.08622806493613058}