{"room_size": 0.6453633813323352, "damping": 0.3187150547519018, "width": 1.0, "scale": 0.04282406077209124}