{"room_size": 0.6479670084508276, "damping": 0.32166376852744727, "width": 1.0, "scale": 0.0690141693036916}