{"room_size": 0.653070625620819, "damping": 0.2806694240541168, "width": 0.0, "scale": 0.07606213947139288}