{"room_size": 0.6700297378271138, "damping": 0.43253993114794415, "width": 1.0, "scale": 0.08287141660424116}