{"room_size": 0.7470878979871816, "damping": 0.6256974485634048, "width": 0.0, "scale": 0.2942850978781032}