{"room_size": 0.689718211361541, "damping": 0.2941042383653689, "width": 0.0, "scale": 0.06923035198147479}