{"room_size": 0.7230032711569289, "damping": 0.5511034032303094, "width": 0.4725184469736974, "scale": 0.14727126746491734}