{"room_size": 0.6570587340225097, "damping": 0.25577635279833005, "width": 0.0, "scale": 0.07357450049445508}