{"room_size": 0.7464062309325048, "damping": 0.62681962947327, "width": 1.0, "scale": 0.25190302860194985}