{"room_size": 0.6889207300907271, "damping": 0.36577785388545087, "width": 0.5211390633531594, "scale": 0.07295964449930004}