{"room_size": 0.05728058968790929, "damping": 0.2747888897315618, "width": 1.0, "scale": 0.12216215985104256}