{"room_size": 0.04614646239080964, "damping": 0.23933783900105657, "width": 1.0, "scale": 0.1251291302742349}