{"room_size": 30.0, "reverberation_time_s": 9.0, "lows_cutoff_frequency_hz": 20000.0, "lows_q_factor": 0.8397565097389754, "lows_gain_db_s": -79.99620413537212, "highs_cutoff_frequency_hz": 5231.803154140763, "highs_q_factor": 0.5000967008734328, "highs_gain_db_s": -54.98923395669701, "fade_in_time_s": 0.0, "scale": 0.42573489359397015}