{"room_size": 16.128608078179973, "reverberation_time_s": 3.2554892108096727, "lows_cutoff_frequency_hz": 11040.965429817175, "lows_q_factor": 0.5716792254493182, "lows_gain_db_s": -44.64107510386732, "highs_cutoff_frequency_hz": 7341.613480154658, "highs_q_factor": 0.7110827173852133, "highs_gain_db_s": -65.74977953420891, "fade_in_time_s": 1.4100917235043755, "scale": 0.00047834205289120496}