{"room_size": 25.063607686756118, "reverberation_time_s": 0.10674507498467846, "lows_cutoff_frequency_hz": 14674.557019083948, "lows_q_factor": 0.7274538047153315, "lows_gain_db_s": -79.883029377893, "highs_cutoff_frequency_hz": 3485.712092643451, "highs_q_factor": 0.7018845332799717, "highs_gain_db_s": -78.31171975938288, "fade_in_time_s": 0.0, "scale": 1.0}