{"room_size": 21.756339789679, "reverberation_time_s": 0.4917276283934151, "lows_cutoff_frequency_hz": 11029.64358032134, "lows_q_factor": 0.7100518813081362, "lows_gain_db_s": 5.252097078599391, "highs_cutoff_frequency_hz": 4024.903175575954, "highs_q_factor": 0.8843609019268864, "highs_gain_db_s": -41.736058476546354, "fade_in_time_s": 0.0, "scale": 0.9138096692819814}