{"room_size": 1.0, "reverberation_time_s": 4.519036260688275, "lows_cutoff_frequency_hz": 1150.4759643944128, "lows_q_factor": 0.01, "lows_gain_db_s": -80.0, "highs_cutoff_frequency_hz": 3564.9092541020536, "highs_q_factor": 0.6161778590236981, "highs_gain_db_s": -80.0, "fade_in_time_s": 0.0, "scale": 0.8394859614503064}