{"room_size": 13.645749559526076, "reverberation_time_s": 3.698917230107317, "lows_cutoff_frequency_hz": 14314.48174538081, "lows_q_factor": 0.1678209183150943, "lows_gain_db_s": -2.2458114035105012, "highs_cutoff_frequency_hz": 1659.351015681026, "highs_q_factor": 0.013169059110315679, "highs_gain_db_s": -76.25526496345346, "fade_in_time_s": 0.0, "scale": 0.03287278031396369}