{"room_size": 15.974910511656956, "reverberation_time_s": 0.1, "lows_cutoff_frequency_hz": 20000.0, "lows_q_factor": 0.9, "lows_gain_db_s": 6.0, "highs_cutoff_frequency_hz": 5245.2742653999585, "highs_q_factor": 0.13125335759423232, "highs_gain_db_s": -80.0, "fade_in_time_s": 0.0, "scale": 1.0}