{"room_size": 1.0985850400898172, "reverberation_time_s": 4.461137554707003, "lows_cutoff_frequency_hz": 6569.79540618383, "lows_q_factor": 0.5927482596631433, "lows_gain_db_s": -75.45733947256099, "highs_cutoff_frequency_hz": 20.0, "highs_q_factor": 0.5726384691393377, "highs_gain_db_s": -80.0, "fade_in_time_s": 6.806405385547037, "scale": 0.0}