{"room_size": 4.638084798797571, "reverberation_time_s": 9.0, "lows_cutoff_frequency_hz": 20000.0, "lows_q_factor": 0.798674204610672, "lows_gain_db_s": -49.86072629156865, "highs_cutoff_frequency_hz": 10548.772229224533, "highs_q_factor": 0.5565302603848825, "highs_gain_db_s": -80.0, "fade_in_time_s": 0.0, "scale": 0.2872899130890376}