{"room_size": 29.562178706349293, "reverberation_time_s": 8.033805798083282, "lows_cutoff_frequency_hz": 20000.0, "lows_q_factor": 0.01, "lows_gain_db_s": -80.0, "highs_cutoff_frequency_hz": 20000.0, "highs_q_factor": 0.2760038425751154, "highs_gain_db_s": 4.0, "fade_in_time_s": 0.0, "scale": 0.0786059856569792}