{"room_size": 1.6481178352472592, "reverberation_time_s": 9.0, "lows_cutoff_frequency_hz": 20000.0, "lows_q_factor": 0.7507255962952432, "lows_gain_db_s": -72.70053153983436, "highs_cutoff_frequency_hz": 10290.682101508319, "highs_q_factor": 0.11108821603275383, "highs_gain_db_s": -74.17647043660996, "fade_in_time_s": 9.0, "scale": 0.9852542971566801}