{"room_size": 20.70330227777616, "reverberation_time_s": 0.1, "lows_cutoff_frequency_hz": 2286.9437045647164, "lows_q_factor": 0.5512363428272101, "lows_gain_db_s": -21.483575773897726, "highs_cutoff_frequency_hz": 2470.655944584405, "highs_q_factor": 0.21577174119693862, "highs_gain_db_s": -45.57454026150183, "fade_in_time_s": 0.0, "scale": 0.8637494938487982}