{"room_size": 24.330139714199582, "reverberation_time_s": 8.782960796216704, "lows_cutoff_frequency_hz": 20000.0, "lows_q_factor": 0.548414377666577, "lows_gain_db_s": -74.64078465408001, "highs_cutoff_frequency_hz": 1007.1528007777191, "highs_q_factor": 0.7992762224267409, "highs_gain_db_s": -59.18844970108575, "fade_in_time_s": 0.0, "scale": 0.8368856433235552}