{"room_size": 23.039199037528082, "reverberation_time_s": 1.2975307635928943, "lows_cutoff_frequency_hz": 15831.072572679677, "lows_q_factor": 0.01649225980486766, "lows_gain_db_s": -64.74674889117236, "highs_cutoff_frequency_hz": 13811.16220827886, "highs_q_factor": 0.9, "highs_gain_db_s": -38.89473424272093, "fade_in_time_s": 5.109342659883177, "scale": 0.7095565341869903}