{"room_size": 6.052720547433259, "reverberation_time_s": 2.139490609819792, "lows_cutoff_frequency_hz": 16382.324039985857, "lows_q_factor": 0.01, "lows_gain_db_s": -71.2224366505159, "highs_cutoff_frequency_hz": 15500.85765054373, "highs_q_factor": 0.8580123352787234, "highs_gain_db_s": -80.0, "fade_in_time_s": 8.051462326162579, "scale": 0.9125853355325639}