{"room_size": 3.0349501058602084, "reverberation_time_s": 7.684601307842375, "lows_cutoff_frequency_hz": 4800.686015196519, "lows_q_factor": 0.05283226681720755, "lows_gain_db_s": -54.0778647974514, "highs_cutoff_frequency_hz": 6509.467813071745, "highs_q_factor": 0.6356674390433678, "highs_gain_db_s": -80.0, "fade_in_time_s": 0.5186385061881742, "scale": 0.9736746658154561}