{"room_size": 11.930211286212073, "reverberation_time_s": 0.36913003341341644, "lows_cutoff_frequency_hz": 13176.331343825828, "lows_q_factor": 0.01, "lows_gain_db_s": -64.33545518228922, "highs_cutoff_frequency_hz": 1991.6835760468225, "highs_q_factor": 0.9, "highs_gain_db_s": -8.409626544216366, "fade_in_time_s": 8.561901026642653, "scale": 0.9247920669492796}