{"room_size": 4.85913690469176, "reverberation_time_s": 5.165537430256439, "lows_cutoff_frequency_hz": 5894.495814154809, "lows_q_factor": 0.01, "lows_gain_db_s": -58.12392153034909, "highs_cutoff_frequency_hz": 6654.649991047881, "highs_q_factor": 0.8312262414127626, "highs_gain_db_s": -73.45595038927314, "fade_in_time_s": 0.0, "scale": 1.0}