{"room_size": 10.81864326864759, "reverberation_time_s": 9.0, "lows_cutoff_frequency_hz": 20000.0, "lows_q_factor": 0.01, "lows_gain_db_s": -57.39381650717122, "highs_cutoff_frequency_hz": 14523.153837873888, "highs_q_factor": 0.6422237107988759, "highs_gain_db_s": -80.0, "fade_in_time_s": 0.0, "scale": 0.8338857552380221}