{"room_size": 19.666773274451923, "reverberation_time_s": 0.31234285188016464, "lows_cutoff_frequency_hz": 16127.950524583879, "lows_q_factor": 0.01, "lows_gain_db_s": -72.70428256550882, "highs_cutoff_frequency_hz": 7319.554526007548, "highs_q_factor": 0.9, "highs_gain_db_s": -80.0, "fade_in_time_s": 9.0, "scale": 1.0}