{"room_size": 5.761706483844851, "reverberation_time_s": 3.9704411217522058, "lows_cutoff_frequency_hz": 11083.940070043052, "lows_q_factor": 0.01, "lows_gain_db_s": -60.24426046472621, "highs_cutoff_frequency_hz": 7889.352945178664, "highs_q_factor": 0.9, "highs_gain_db_s": -68.13322035214024, "fade_in_time_s": 0.0, "scale": 1.0}