{"room_size": 1.0, "reverberation_time_s": 8.088883306039232, "lows_cutoff_frequency_hz": 10836.765501043079, "lows_q_factor": 0.01, "lows_gain_db_s": -58.2655429217734, "highs_cutoff_frequency_hz": 7264.011218860187, "highs_q_factor": 0.35048508147343604, "highs_gain_db_s": -68.47800679788904, "fade_in_time_s": 0.039069935405978015, "scale": 0.9016892756243585}