{"room_size": 28.725737800732702, "reverberation_time_s": 9.0, "lows_cutoff_frequency_hz": 20000.0, "lows_q_factor": 0.01, "lows_gain_db_s": -80.0, "highs_cutoff_frequency_hz": 20000.0, "highs_q_factor": 0.9, "highs_gain_db_s": -21.211860601333157, "fade_in_time_s": 0.0, "scale": 0.46135557808517363}