{"room_size": 20.443661596607452, "reverberation_time_s": 0.1, "lows_cutoff_frequency_hz": 20000.0, "lows_q_factor": 0.01, "lows_gain_db_s": -71.18559273051432, "highs_cutoff_frequency_hz": 5108.73395551538, "highs_q_factor": 0.8386033261766551, "highs_gain_db_s": -14.04566804995406, "fade_in_time_s": 7.212784873516712, "scale": 0.5484956251383708}