{"room_size": 1.0, "reverberation_time_s": 9.0, "lows_cutoff_frequency_hz": 4154.371787967348, "lows_q_factor": 0.01, "lows_gain_db_s": -51.745835154693836, "highs_cutoff_frequency_hz": 13136.314686272466, "highs_q_factor": 0.19976312768859325, "highs_gain_db_s": -76.55220844706687, "fade_in_time_s": 0.0, "scale": 1.0}