{"room_size": 2.1902443358220767, "reverberation_time_s": 5.108924030533764, "lows_cutoff_frequency_hz": 10758.432504440707, "lows_q_factor": 0.04513840048831242, "lows_gain_db_s": -36.78924769317358, "highs_cutoff_frequency_hz": 7158.099763111732, "highs_q_factor": 0.28386874912053145, "highs_gain_db_s": -45.58938183284025, "fade_in_time_s": 0.0, "scale": 1.0}