{"room_size": 7.2962472843946955, "reverberation_time_s": 0.6988184846222238, "lows_cutoff_frequency_hz": 14468.192192411318, "lows_q_factor": 0.040187922280262495, "lows_gain_db_s": -42.712692600066184, "highs_cutoff_frequency_hz": 17208.458162132083, "highs_q_factor": 0.42654860986778287, "highs_gain_db_s": -68.35545243014981, "fade_in_time_s": 3.405002074225463, "scale": 0.5468129262434144}