{"room_size": 18.000530630407784, "reverberation_time_s": 0.1, "lows_cutoff_frequency_hz": 7631.399033873459, "lows_q_factor": 0.01, "lows_gain_db_s": -79.05638530398936, "highs_cutoff_frequency_hz": 1936.7474243194656, "highs_q_factor": 0.01, "highs_gain_db_s": 4.0, "fade_in_time_s": 9.0, "scale": 0.622290902878393}