{"room_size": 30.0, "reverberation_time_s": 7.414052964620626, "lows_cutoff_frequency_hz": 20000.0, "lows_q_factor": 0.01, "lows_gain_db_s": -80.0, "highs_cutoff_frequency_hz": 9036.698841388601, "highs_q_factor": 0.5206339381662709, "highs_gain_db_s": -30.26076330507525, "fade_in_time_s": 0.0, "scale": 1.0}