{"room_size": 14.19834937577636, "reverberation_time_s": 1.0357033890382812, "lows_cutoff_frequency_hz": 11672.280711483705, "lows_q_factor": 0.16461763487125913, "lows_gain_db_s": -70.19102616736313, "highs_cutoff_frequency_hz": 20000.0, "highs_q_factor": 0.9, "highs_gain_db_s": -15.244196560764848, "fade_in_time_s": 9.0, "scale": 0.7141229151151205}