{"room_size": 2.0626581546553706, "reverberation_time_s": 0.1, "lows_cutoff_frequency_hz": 16168.071749817853, "lows_q_factor": 0.8165180592502285, "lows_gain_db_s": -20.10498184115402, "highs_cutoff_frequency_hz": 20000.0, "highs_q_factor": 0.47758290424958083, "highs_gain_db_s": -61.161174867869356, "fade_in_time_s": 9.0, "scale": 1.0}