{"room_size": 13.399981879110165, "reverberation_time_s": 8.737797763303861, "lows_cutoff_frequency_hz": 6818.791147744715, "lows_q_factor": 0.8787249270016411, "lows_gain_db_s": -1.2810141655947547, "highs_cutoff_frequency_hz": 538.2370386742658, "highs_q_factor": 0.3517338558080857, "highs_gain_db_s": -73.24467470241218, "fade_in_time_s": 7.563442414992437, "scale": 0.04398592387319653}