{"room_size": 29.00562635555416, "reverberation_time_s": 4.166920826261861, "lows_cutoff_frequency_hz": 18407.597760835455, "lows_q_factor": 0.01, "lows_gain_db_s": -80.0, "highs_cutoff_frequency_hz": 18096.636643425813, "highs_q_factor": 0.3390668005558629, "highs_gain_db_s": -43.36001086417919, "fade_in_time_s": 0.6515248085187448, "scale": 0.8408692654006603}