{"room_size": 7.31274584115324, "reverberation_time_s": 2.7167961514456813, "lows_cutoff_frequency_hz": 18270.246223532456, "lows_q_factor": 0.01, "lows_gain_db_s": -57.06138986207293, "highs_cutoff_frequency_hz": 6756.9192393514695, "highs_q_factor": 0.9, "highs_gain_db_s": -69.94581161303573, "fade_in_time_s": 0.0, "scale": 1.0}