{"room_size": 21.150461805183514, "reverberation_time_s": 0.2714196137351209, "lows_cutoff_frequency_hz": 20000.0, "lows_q_factor": 0.01, "lows_gain_db_s": -80.0, "highs_cutoff_frequency_hz": 7044.613451942389, "highs_q_factor": 0.8202070929061125, "highs_gain_db_s": -49.03837774498534, "fade_in_time_s": 7.081262881279024, "scale": 0.6704355466767855}