{"room_size": 1.0, "reverberation_time_s": 5.1225573379109814, "lows_cutoff_frequency_hz": 1139.7551597975432, "lows_q_factor": 0.08430453943753807, "lows_gain_db_s": -44.090667352363674, "highs_cutoff_frequency_hz": 6495.083949477238, "highs_q_factor": 0.9, "highs_gain_db_s": -57.09096204207468, "fade_in_time_s": 0.03402817739275486, "scale": 1.0}