{"room_size": 0.4511736653473856, "damping": 0.6843802428526268, "width": 0.8427760359223182, "scale": 0.04211515426636806}