{"room_size": 0.5879200166744863, "damping": 1.0, "width": 0.0, "scale": 0.19924690230803543}