{"room_size": 0.5108290766040128, "damping": 0.9053647530261278, "width": 1.0, "scale": 0.06910938492823747}