{"room_size": 0.5670568699026739, "damping": 1.0, "width": 0.0, "scale": 0.18124341905106922}