{"room_size": 0.5040706640647474, "damping": 0.9411787095202991, "width": 0.8077506690725123, "scale": 0.05241580039806433}