{"room_size": 0.5634116853519402, "damping": 1.0, "width": 0.0, "scale": 0.20593530898124374}