{"room_size": 0.5343404120222658, "damping": 1.0, "width": 0.0, "scale": 0.10506668051342888}