{"room_size": 0.5914389273200913, "damping": 1.0, "width": 0.0, "scale": 0.14085565462560967}