{"room_size": 0.387200740589446, "damping": 0.7614052386285821, "width": 0.0, "scale": 0.08804388259841929}