{"room_size": 1.0, "reverberation_time_s": 1.8292568439798396, "lows_cutoff_frequency_hz": 20.0, "lows_q_factor": 0.1575493664583182, "lows_gain_db_s": -80.0, "highs_cutoff_frequency_hz": 13391.74684159881, "highs_q_factor": 0.5629800949993999, "highs_gain_db_s": -79.9856789992519, "fade_in_time_s": 0.0011805629081175395, "scale": 0.6411589692357549}