{"room_size": 19.078800311699613, "reverberation_time_s": 8.441446084874576, "lows_cutoff_frequency_hz": 20000.0, "lows_q_factor": 0.01, "lows_gain_db_s": -59.82120308867034, "highs_cutoff_frequency_hz": 20.0, "highs_q_factor": 0.01, "highs_gain_db_s": -4.040804189552901, "fade_in_time_s": 0.0, "scale": 0.8291507620642337}