{"room_size": 25.145602142828576, "reverberation_time_s": 9.0, "lows_cutoff_frequency_hz": 16930.642313828896, "lows_q_factor": 0.5506707883699312, "lows_gain_db_s": -46.6455768630889, "highs_cutoff_frequency_hz": 6622.552450012826, "highs_q_factor": 0.5930715229442752, "highs_gain_db_s": -80.0, "fade_in_time_s": 7.793170593906415, "scale": 0.014595558155817664}