{"room_size": 27.98565594475745, "reverberation_time_s": 0.1, "lows_cutoff_frequency_hz": 3496.2385702279444, "lows_q_factor": 0.05489222298904267, "lows_gain_db_s": -58.138280900382824, "highs_cutoff_frequency_hz": 4211.405497719396, "highs_q_factor": 0.8801464499068514, "highs_gain_db_s": -21.16227382089089, "fade_in_time_s": 8.500543905402484, "scale": 0.04511158564867258}