{"room_size": 0.046740983402789385, "damping": 1.0, "width": 0.5810371374344236, "scale": 0.9618548875722742}