{"room_size": 0.04473362116581874, "damping": 1.0, "width": 0.5833682746289286, "scale": 0.9960905064508235}