{"room_size": 30.0, "reverberation_time_s": 6.334122624473256, "lows_cutoff_frequency_hz": 20000.0, "lows_q_factor": 0.1132303432453464, "lows_gain_db_s": -30.911033118041495, "highs_cutoff_frequency_hz": 6329.104527064363, "highs_q_factor": 0.6465020854051962, "highs_gain_db_s": -73.78066365895093, "fade_in_time_s": 1.7992639747264125, "scale": 0.05751234806142331}