{"room_size": 6.396141809568745, "reverberation_time_s": 0.1, "lows_cutoff_frequency_hz": 14713.401270679913, "lows_q_factor": 0.03560107719859919, "lows_gain_db_s": -3.3481672058005643, "highs_cutoff_frequency_hz": 20000.0, "highs_q_factor": 0.2691015863956391, "highs_gain_db_s": -76.1533932153451, "fade_in_time_s": 1.7840700468127528, "scale": 0.011367798405042612}