{"room_size": 18.626387661634553, "reverberation_time_s": 5.87849266230233, "lows_cutoff_frequency_hz": 19044.20478985811, "lows_q_factor": 0.7825824304729213, "lows_gain_db_s": -28.932276815285334, "highs_cutoff_frequency_hz": 9244.290151588206, "highs_q_factor": 0.8403402745212005, "highs_gain_db_s": -39.720231493289376, "fade_in_time_s": 0.0, "scale": 1.0}