{"room_size": 13.109052494917757, "reverberation_time_s": 9.0, "lows_cutoff_frequency_hz": 20000.0, "lows_q_factor": 0.01, "lows_gain_db_s": -44.40946405313323, "highs_cutoff_frequency_hz": 15388.743652009982, "highs_q_factor": 0.5134305044719848, "highs_gain_db_s": -80.0, "fade_in_time_s": 0.0, "scale": 0.4735174322577483}