{"room_size": 8.620467794281279, "reverberation_time_s": 9.0, "lows_cutoff_frequency_hz": 6250.8292401950885, "lows_q_factor": 0.01, "lows_gain_db_s": -70.00832365573679, "highs_cutoff_frequency_hz": 7663.933303261785, "highs_q_factor": 0.617958196353095, "highs_gain_db_s": -60.868556056616384, "fade_in_time_s": 0.7232794690530049, "scale": 0.1234252406541895}