{"room_size": 23.93687717506021, "reverberation_time_s": 6.085622166619976, "lows_cutoff_frequency_hz": 20000.0, "lows_q_factor": 0.01, "lows_gain_db_s": -57.37911585400192, "highs_cutoff_frequency_hz": 20.0, "highs_q_factor": 0.8897732627584524, "highs_gain_db_s": 4.0, "fade_in_time_s": 0.0, "scale": 0.49422355156033587}