{"room_size": 16.141095501583997, "reverberation_time_s": 0.1, "lows_cutoff_frequency_hz": 20000.0, "lows_q_factor": 0.9, "lows_gain_db_s": -21.810377506276538, "highs_cutoff_frequency_hz": 7794.585911329241, "highs_q_factor": 0.9, "highs_gain_db_s": -80.0, "fade_in_time_s": 2.513444664546895, "scale": 0.10144433469775868}