{"room_size": 6.814781241264987, "reverberation_time_s": 4.426246770934948, "lows_cutoff_frequency_hz": 10911.72033584102, "lows_q_factor": 0.01, "lows_gain_db_s": -57.6926223575717, "highs_cutoff_frequency_hz": 15601.396609075558, "highs_q_factor": 0.5638663053216437, "highs_gain_db_s": -79.75515695367983, "fade_in_time_s": 0.0, "scale": 0.3587986427996014}