{"room_size": 30.0, "reverberation_time_s": 9.0, "lows_cutoff_frequency_hz": 8177.868873444083, "lows_q_factor": 0.03519459261071268, "lows_gain_db_s": -46.2981957220969, "highs_cutoff_frequency_hz": 1372.1768944640028, "highs_q_factor": 0.5113893873497645, "highs_gain_db_s": 4.0, "fade_in_time_s": 0.0, "scale": 0.30183295499621515}