{"room_size": 30.0, "reverberation_time_s": 5.660631421711918, "lows_cutoff_frequency_hz": 18720.879095209275, "lows_q_factor": 0.01, "lows_gain_db_s": -63.537834901809326, "highs_cutoff_frequency_hz": 11067.976113524912, "highs_q_factor": 0.9, "highs_gain_db_s": -80.0, "fade_in_time_s": 0.0, "scale": 1.0}