{"room_size": 0.548673567713671, "damping": 1.0, "width": 1.0, "scale": 0.06253758253262694}