{"room_size": 0.4717184033025352, "damping": 1.0, "width": 0.0, "scale": 0.08834484706519934}