{"room_size": 0.5361007956135198, "damping": 0.8690410222711686, "width": 1.0, "scale": 0.06926416244836298}