{"room_size": 0.5763680698717506, "damping": 1.0, "width": 1.0, "scale": 0.1370683038838627}