{"room_size": 0.5283371348866293, "damping": 1.0, "width": 0.5969030760727831, "scale": 0.11755079799067365}