{"room_size": 0.5648325733613905, "damping": 1.0, "width": 0.8628119667527135, "scale": 0.08964351144141308}