{"room_size": 0.5966062906060553, "damping": 1.0, "width": 1.0, "scale": 0.10258817886055432}