{"room_size": 0.5861141525380122, "damping": 1.0, "width": 0.28650150993930595, "scale": 0.16506138278970328}