{"room_size": 0.4890211786891191, "damping": 0.8904900479234393, "width": 0.5701543224728503, "scale": 0.05518817112414253}