{"room_size": 0.45458469073702107, "damping": 0.6495306975786841, "width": 1.0, "scale": 0.03540738284622432}