{"room_size": 0.49634975288937094, "damping": 0.7995609181509931, "width": 1.0, "scale": 0.05595660652385348}