{"room_size": 0.3419021926717217, "damping": 0.5181339665642654, "width": 0.0, "scale": 0.050237468678801876}