{"room_size": 0.4951985312097223, "damping": 0.8246631786962798, "width": 0.5858308341641297, "scale": 0.0761926827460574}