{"room_size": 0.5902176339738701, "damping": 1.0, "width": 1.0, "scale": 0.07674654971848109}