{"room_size": 0.5691850805877776, "damping": 1.0, "width": 0.0, "scale": 0.24794549998129503}