{"room_size": 0.4502534528568723, "damping": 0.6409026584084926, "width": 0.4129079006204868, "scale": 0.09218075278536594}