{"room_size": 0.479618751967599, "damping": 1.0, "width": 0.7520443925290679, "scale": 0.07120940677483965}