{"room_size": 0.0527727514947516, "damping": 1.0, "wet_level": 1.0, "dry_level": 0.024313675595464407, "width": 0.4775531177386553}