{"room_size": 0.04724580399834788, "damping": 1.0, "wet_level": 0.845839166359409, "dry_level": 0.009087217209884908, "width": 0.5916200612502679}