{"room_size": 0.27390756680937656, "damping": 0.7861139447936706, "wet_level": 0.26895145356973227, "dry_level": 0.6996096473895524, "width": 1.0}