{"room_size": 0.1886542467577532, "damping": 0.1300597322822371, "width": 0.8306380512249374, "scale": 0.0026901621726609167}