{"room_size": 0.0, "damping": 0.10753264507328204, "width": 0.4101415230282428, "scale": 0.0011820623396683633}