{"room_size": 0.07139717802699498, "damping": 0.11681905293253247, "width": 0.0, "scale": 0.0027640684161216256}