{"room_size": 0.0, "damping": 0.06812577720053198, "width": 0.42668126179893007, "scale": 0.002702331703761447}