{"room_size": 0.33409529028458235, "damping": 0.31845798438504336, "width": 0.9287014376227436, "scale": 0.0009766625519193153}