{"room_size": 0.029777889622778015, "damping": 1.0, "width": 0.0, "scale": 0.4979424796468752}