{"room_size": 0.5953019259724349, "damping": 1.0, "width": 1.0, "scale": 0.21738337499286906}