{"room_size": 0.6012752781326097, "damping": 1.0, "width": 0.9975359540102084, "scale": 0.2087815611739749}