{"room_size": 1.0, "reverberation_time_s": 0.9796034733054748, "lows_cutoff_frequency_hz": 20000.0, "lows_q_factor": 0.9, "lows_gain_db_s": -79.22653100963728, "highs_cutoff_frequency_hz": 6058.457525345808, "highs_q_factor": 0.3584050640503817, "highs_gain_db_s": -80.0, "fade_in_time_s": 0.0, "scale": 0.00010132484442826155}