{"room_size": 6.990376327482747, "reverberation_time_s": 1.138927007237131, "lows_cutoff_frequency_hz": 14942.123397029314, "lows_q_factor": 0.7079996075633335, "lows_gain_db_s": -56.91511081905248, "highs_cutoff_frequency_hz": 20000.0, "highs_q_factor": 0.561148861344012, "highs_gain_db_s": -71.19174510636677, "fade_in_time_s": 0.0, "scale": 0.042616211293648475}