{"room_size": 7.369338179253605, "reverberation_time_s": 0.6515493525284483, "lows_cutoff_frequency_hz": 17146.10797935565, "lows_q_factor": 0.7804305651208183, "lows_gain_db_s": -9.711027059863227, "highs_cutoff_frequency_hz": 3908.874952008491, "highs_q_factor": 0.5144590918827278, "highs_gain_db_s": -23.053809029281332, "fade_in_time_s": 0.0, "scale": 0.45552763934735113}