{"room_size": 30.0, "reverberation_time_s": 7.980903720802271, "lows_cutoff_frequency_hz": 20000.0, "lows_q_factor": 0.4418612998009187, "lows_gain_db_s": -80.0, "highs_cutoff_frequency_hz": 20.0, "highs_q_factor": 0.8461947553557524, "highs_gain_db_s": -80.0, "fade_in_time_s": 1.988851806266948, "scale": 0.0}