{"room_size": 1.131589915806445, "reverberation_time_s": 6.10518712730894, "lows_cutoff_frequency_hz": 5429.448065000566, "lows_q_factor": 0.7360715297844822, "lows_gain_db_s": -80.0, "highs_cutoff_frequency_hz": 20.0, "highs_q_factor": 0.09465033338346446, "highs_gain_db_s": -51.903287195000146, "fade_in_time_s": 0.3233816090506402, "scale": 0.0}