{"room_size": 10.055697388041526, "reverberation_time_s": 8.979948339489379, "lows_cutoff_frequency_hz": 19753.521040273718, "lows_q_factor": 0.9, "lows_gain_db_s": -80.0, "highs_cutoff_frequency_hz": 20.0, "highs_q_factor": 0.05780478611118594, "highs_gain_db_s": -79.21320290438679, "fade_in_time_s": 0.0, "scale": 1.0}