{"source_x": 1, "source_y": 1, "source_z": 1, "listener_x": 1, "listener_y": 1, "listener_z": 1, "listener_pitch": 1, "listener_yaw": 1, "listener_roll": 1, "dimensions_x": 1, "dimensions_y": 1, "dimensions_z": 1, "125hz_wall_x_0": 0.9527958554224562, "250hz_wall_x_0": 0.9982385301562806, "500hz_wall_x_0": 0.7130095601662324, "1000hz_wall_x_0": 0.456177129410936, "2000hz_wall_x_0": 0.3982447924029193, "4000hz_wall_x_0": 0.23956811531379313, "8000hz_wall_x_0": 0.7737941199931451, "16000hz_wall_x_0": 0.42542123029968826, "125hz_wall_x_1": 0.9856938834151767, "250hz_wall_x_1": 0.8618039447426649, "500hz_wall_x_1": 0.7105743886687695, "1000hz_wall_x_1": 0.07704796348503486, "2000hz_wall_x_1": 0.2316364941358307, "4000hz_wall_x_1": 0.4277631936042867, "8000hz_wall_x_1": 0.20753728546223643, "16000hz_wall_x_1": 0.7534950314810861, "125hz_wall_y_0": 0.45792917626322927, "250hz_wall_y_0": 0.5252488062751492, "500hz_wall_y_0": 0.2844219011296421, "1000hz_wall_y_0": 0.6849686357125859, "2000hz_wall_y_0": 0.625421910495674, "4000hz_wall_y_0": 0.3648693015637116, "8000hz_wall_y_0": 0.03325109994017784, "16000hz_wall_y_0": 0.30385740762178554, "125hz_wall_y_1": 0.1776949374561351, "250hz_wall_y_1": 0.24427221206802435, "500hz_wall_y_1": 0.16409214450652734, "1000hz_wall_y_1": 0.33415912469890025, "2000hz_wall_y_1": 0.09437292830044999, "4000hz_wall_y_1": 0.8121284874791039, "8000hz_wall_y_1": 0.42803238664800725, "16000hz_wall_y_1": 0.3468551206500828, "125hz_wall_z_0": 0.3792224662769268, "250hz_wall_z_0": 0.8094064052757933, "500hz_wall_z_0": 0.6807947500532792, "1000hz_wall_z_0": 0.02858324716141703, "2000hz_wall_z_0": 0.3755779749703101, "4000hz_wall_z_0": 0.9197259267176742, "8000hz_wall_z_0": 0.17191324833788793, "16000hz_wall_z_0": 0.450016340267239, "125hz_wall_z_1": 0.17998223208326272, "250hz_wall_z_1": 0.3085171246700233, "500hz_wall_z_1": 0.9889816574627798, "1000hz_wall_z_1": 0.9228435360911242, "2000hz_wall_z_1": 0.13187791320711809, "4000hz_wall_z_1": 0.9885955271650437, "8000hz_wall_z_1": 0.0695775821393846, "16000hz_wall_z_1": 0.05743923171415745, "scale": 0.8678825275018819}