{"room_size": 0.693264047770995, "damping": 1.0, "width": 0.0, "scale": 0.019805778113903275}