{"room_size": 0.6637179197311772, "damping": 1.0, "width": 0.10514124180327672, "scale": 0.01828249662391521}