{"room_size": 0.594146745711007, "damping": 1.0, "width": 0.0, "scale": 0.025167715729711278}