{"room_size": 0.5017538356096208, "damping": 1.0, "width": 0.0, "scale": 0.029825213828127698}