{"room_size": 0.0, "damping": 1.0, "width": 0.7819282890448941, "scale": 0.3783778453155579}