{"room_size": 7.097292394808876, "reverberation_time_s": 3.1829459873322445, "lows_cutoff_frequency_hz": 20000.0, "lows_q_factor": 0.6940264427742346, "lows_gain_db_s": -80.0, "highs_cutoff_frequency_hz": 13159.013114453694, "highs_q_factor": 0.6623850017326187, "highs_gain_db_s": -4.652893031307883, "fade_in_time_s": 0.0, "scale": 0.8635271600274663}