{"room_size": 1.0, "reverberation_time_s": 6.708033098514919, "lows_cutoff_frequency_hz": 20000.0, "lows_q_factor": 0.690004295132268, "lows_gain_db_s": -80.0, "highs_cutoff_frequency_hz": 17777.994175109816, "highs_q_factor": 0.7349525118502059, "highs_gain_db_s": -6.826815474395104, "fade_in_time_s": 0.0, "scale": 0.3493360539005767}