{"room_size": 0.593891105110256, "damping": 1.0, "width": 0.0, "scale": 0.1479631215448008}