{"room_size": 0.5306624690863823, "damping": 0.8045024919881132, "width": 0.0, "scale": 0.10121596357782106}