{"room_size": 0.6037187597997308, "damping": 1.0, "width": 1.0, "scale": 0.10889978259094402}