{"room_size": 0.45066704488440223, "damping": 0.5705582303659514, "width": 0.0, "scale": 0.040702930550530085}