{"room_size": 0.4053132851606557, "damping": 0.6566825529671891, "width": 1.0, "scale": 0.04104918008244609}