{"room_size": 0.5660047655542947, "damping": 1.0, "width": 1.0, "scale": 0.053142869766821824}