{"room_size": 30.0, "reverberation_time_s": 0.2386508778244251, "lows_cutoff_frequency_hz": 13492.965438638803, "lows_q_factor": 0.5120581154285108, "lows_gain_db_s": -69.42353796576819, "highs_cutoff_frequency_hz": 20000.0, "highs_q_factor": 0.09834597180255134, "highs_gain_db_s": -62.1321156778059, "fade_in_time_s": 3.1286452692101587, "scale": 0.31084251912259575}