{"room_size": 21.5322971005395, "reverberation_time_s": 1.283293118669184, "lows_cutoff_frequency_hz": 16620.503931196046, "lows_q_factor": 0.9, "lows_gain_db_s": -76.2204131100921, "highs_cutoff_frequency_hz": 9240.302784493344, "highs_q_factor": 0.24290899512663228, "highs_gain_db_s": -80.0, "fade_in_time_s": 1.840775225348184, "scale": 0.2114302158268304}