{"room_size": 11.577726662389125, "reverberation_time_s": 0.35501682630496856, "lows_cutoff_frequency_hz": 20.0, "lows_q_factor": 0.7758416717701757, "lows_gain_db_s": -36.87778386894042, "highs_cutoff_frequency_hz": 4810.218681506112, "highs_q_factor": 0.5834175277858694, "highs_gain_db_s": -80.0, "fade_in_time_s": 0.0, "scale": 0.4535322475621461}