{"room_size": 22.404239742052546, "reverberation_time_s": 1.9074358308147987, "lows_cutoff_frequency_hz": 20000.0, "lows_q_factor": 0.9, "lows_gain_db_s": 6.0, "highs_cutoff_frequency_hz": 20.0, "highs_q_factor": 0.9, "highs_gain_db_s": -74.2548331374684, "fade_in_time_s": 0.0, "scale": 0.6222057439591592}