{"room_size": 22.40971248419378, "reverberation_time_s": 9.0, "lows_cutoff_frequency_hz": 13050.233751331745, "lows_q_factor": 0.6774825045721857, "lows_gain_db_s": -78.16057768767685, "highs_cutoff_frequency_hz": 12463.7164017267, "highs_q_factor": 0.6660530622777356, "highs_gain_db_s": -63.66866370627385, "fade_in_time_s": 0.0, "scale": 0.43598460442832404}