{"room_size": 0.5565652704143446, "damping": 0.2344892004419967, "width": 0.0, "scale": 0.10277609249537205}