{"room_size": 0.7343851772948866, "damping": 0.6489181950290911, "width": 0.0, "scale": 0.5323806318234737}