{"room_size": 0.6726630056661973, "damping": 0.38127293836357834, "width": 0.6163329520713323, "scale": 0.09241343238280939}