{"room_size": 0.6602434751568995, "damping": 0.3014828499036892, "width": 0.4111946241191397, "scale": 0.07611417707898617}