{"room_size": 0.7540321516344602, "damping": 0.6132598699072475, "width": 1.0, "scale": 0.14575818257722076}