{"room_size": 0.6512624307052445, "damping": 0.3614089903332576, "width": 0.0, "scale": 0.15441097014420763}