{"room_size": 0.6022027742712607, "damping": 0.33051085216138926, "width": 1.0, "scale": 0.06248487965407423}