{"room_size": 0.7019658291641551, "damping": 0.5314268834997585, "width": 0.694826060750253, "scale": 0.1457374273160316}