{"room_size": 0.5038875643286878, "damping": 0.27440697660740376, "width": 0.32856128080210956, "scale": 0.08632409936377314}