{"room_size": 0.707535628664404, "damping": 0.5255390806993764, "width": 1.0, "scale": 0.11772826149047154}