{"room_size": 0.6646292487045844, "damping": 0.3410416517408622, "width": 0.0, "scale": 0.13262209419268278}