{"room_size": 0.23896704975521718, "damping": 0.772536059239562, "width": 0.8558643379085789, "scale": 0.18876358583228567}