{"room_size": 0.6272836313695599, "damping": 0.29313784771280876, "width": 0.0, "scale": 0.10381795626927853}