{"room_size": 0.7192938389448796, "damping": 0.5420397553051716, "width": 1.0, "scale": 0.11062932783154655}