{"room_size": 0.615786074894751, "damping": 0.14935621754827794, "width": 0.0, "scale": 0.07993995319962334}