{"room_size": 0.7225479649742744, "damping": 0.5435774087257431, "width": 0.4377949064650638, "scale": 0.15474825399891853}