{"room_size": 0.6391848243207995, "damping": 0.38671012718229586, "width": 0.0, "scale": 0.1469485648551778}