{"room_size": 0.6869958791236745, "damping": 0.3641605126589741, "width": 1.0, "scale": 0.05665765159868433}