{"room_size": 0.7798872051342717, "damping": 0.5734004336054781, "width": 0.6745393649258151, "scale": 0.1262155127048226}