{"room_size": 0.7445384540663565, "damping": 0.6297543487960565, "width": 0.8578732098345351, "scale": 0.279992232007733}