{"room_size": 0.7099977850136623, "damping": 0.42941790639579674, "width": 0.0, "scale": 0.1369244189228804}