{"room_size": 21.420513651247965, "reverberation_time_s": 9.0, "lows_cutoff_frequency_hz": 7921.283167684875, "lows_q_factor": 0.0560851154300962, "lows_gain_db_s": -67.56128058614775, "highs_cutoff_frequency_hz": 4586.467099983704, "highs_q_factor": 0.9, "highs_gain_db_s": -80.0, "fade_in_time_s": 0.0, "scale": 0.7462761421873846}