{"room_size": 26.45853741150932, "reverberation_time_s": 9.0, "lows_cutoff_frequency_hz": 20000.0, "lows_q_factor": 0.7007672382989726, "lows_gain_db_s": -32.107143993732066, "highs_cutoff_frequency_hz": 6470.6365515467105, "highs_q_factor": 0.777112908553242, "highs_gain_db_s": -76.51819235739865, "fade_in_time_s": 0.0, "scale": 0.8108136119862743}