{"room_size": 7.270666528975778, "reverberation_time_s": 0.1, "lows_cutoff_frequency_hz": 4443.500320262449, "lows_q_factor": 0.12414727139598286, "lows_gain_db_s": -78.76307534071816, "highs_cutoff_frequency_hz": 3666.72794922176, "highs_q_factor": 0.3912937442363891, "highs_gain_db_s": -80.0, "fade_in_time_s": 2.8034374520836214, "scale": 0.014613413443642522}