{"room_size": 3.0854860118541283, "reverberation_time_s": 4.3828897771549595, "lows_cutoff_frequency_hz": 18085.514433813987, "lows_q_factor": 0.9, "lows_gain_db_s": -49.64779883526956, "highs_cutoff_frequency_hz": 7681.588752965978, "highs_q_factor": 0.6886622302597731, "highs_gain_db_s": -77.99915900545655, "fade_in_time_s": 0.0, "scale": 1.0}