{"room_size": 2.5069154656352373, "reverberation_time_s": 7.9128701711343785, "lows_cutoff_frequency_hz": 20000.0, "lows_q_factor": 0.7217003262489289, "lows_gain_db_s": -62.86822374169632, "highs_cutoff_frequency_hz": 7029.694844547771, "highs_q_factor": 0.627258949483496, "highs_gain_db_s": -40.46423616065052, "fade_in_time_s": 0.0, "scale": 0.32781587040603966}