{"room_size": 8.811893659430675, "reverberation_time_s": 9.0, "lows_cutoff_frequency_hz": 20000.0, "lows_q_factor": 0.9, "lows_gain_db_s": -62.670379357846, "highs_cutoff_frequency_hz": 16856.99968714159, "highs_q_factor": 0.01, "highs_gain_db_s": 3.0234623902690174, "fade_in_time_s": 0.0, "scale": 0.12532289083585846}