{"room_size": 4.283031479258, "reverberation_time_s": 1.7018219636363896, "lows_cutoff_frequency_hz": 6058.524198187235, "lows_q_factor": 0.01, "lows_gain_db_s": -63.61119698776878, "highs_cutoff_frequency_hz": 598.3182104775084, "highs_q_factor": 0.01, "highs_gain_db_s": -11.335841448952337, "fade_in_time_s": 0.0, "scale": 0.18355906991127027}