{"room_size": 13.474124211655612, "reverberation_time_s": 7.343523783797755, "lows_cutoff_frequency_hz": 12196.868131343826, "lows_q_factor": 0.8534225396050062, "lows_gain_db_s": -36.16190436791256, "highs_cutoff_frequency_hz": 10031.359856417424, "highs_q_factor": 0.34393975313730824, "highs_gain_db_s": -65.84332873768777, "fade_in_time_s": 0.0, "scale": 0.5445706338651362}