{"room_size": 2.1094854770303932, "reverberation_time_s": 8.552723078743513, "lows_cutoff_frequency_hz": 13585.114011344747, "lows_q_factor": 0.5962155813937141, "lows_gain_db_s": -77.90994230281056, "highs_cutoff_frequency_hz": 16735.194916866232, "highs_q_factor": 0.2377158712015925, "highs_gain_db_s": -80.0, "fade_in_time_s": 0.0, "scale": 0.3013083458775294}