{"room_size": 1.145166005611094, "reverberation_time_s": 5.544411173105008, "lows_cutoff_frequency_hz": 19681.576081277224, "lows_q_factor": 0.01, "lows_gain_db_s": -80.0, "highs_cutoff_frequency_hz": 5231.938520598844, "highs_q_factor": 0.7103168952552352, "highs_gain_db_s": -48.845260135023906, "fade_in_time_s": 0.0, "scale": 0.06634347925943301}