{"room_size": 3.4092560394738016, "reverberation_time_s": 7.298922154466019, "lows_cutoff_frequency_hz": 20000.0, "lows_q_factor": 0.9, "lows_gain_db_s": -52.6299246679782, "highs_cutoff_frequency_hz": 8106.674741410354, "highs_q_factor": 0.30186028956062716, "highs_gain_db_s": -63.6765636153416, "fade_in_time_s": 0.0, "scale": 0.09140778605865385}