{"room_size": 10.508425447554991, "reverberation_time_s": 7.873134403022229, "lows_cutoff_frequency_hz": 10915.86251864613, "lows_q_factor": 0.1796528781727362, "lows_gain_db_s": -34.8951563340537, "highs_cutoff_frequency_hz": 3850.3806666222513, "highs_q_factor": 0.9, "highs_gain_db_s": -80.0, "fade_in_time_s": 0.0, "scale": 0.34017308448439126}