{"room_size": 1.0, "reverberation_time_s": 8.287782707320892, "lows_cutoff_frequency_hz": 12703.526642661125, "lows_q_factor": 0.01, "lows_gain_db_s": -65.27282448243312, "highs_cutoff_frequency_hz": 1825.9344498926666, "highs_q_factor": 0.2908419573657729, "highs_gain_db_s": -64.05272368721727, "fade_in_time_s": 0.0, "scale": 0.18414893325065035}