{"room_size": 28.83140383532485, "reverberation_time_s": 1.5124721137408164, "lows_cutoff_frequency_hz": 20000.0, "lows_q_factor": 0.36595056963735884, "lows_gain_db_s": -28.38853484855867, "highs_cutoff_frequency_hz": 3802.298459627167, "highs_q_factor": 0.7141324008446451, "highs_gain_db_s": -22.74260947375639, "fade_in_time_s": 0.018975613378597486, "scale": 0.26941380614902405}