{"room_size": 0.6181981494780624, "damping": 1.0, "width": 0.0, "scale": 0.026072418356590077}