{"room_size": 0.5717517782137485, "damping": 1.0, "width": 0.19156203540659905, "scale": 0.02302114044697096}