{"room_size": 0.5205310941528596, "damping": 1.0, "width": 0.0, "scale": 0.03102842700542446}