{"room_size": 0.561049533627856, "damping": 1.0, "width": 1.0, "scale": 0.014814806394408261}