{"room_size": 0.7440478397110692, "damping": 0.6345232318235938, "width": 1.0, "scale": 0.21296816390245066}