{"room_size": 0.7408509731872068, "damping": 0.6457201046096299, "width": 0.8518422960706762, "scale": 0.264442111724539}