{"room_size": 0.7434880598279998, "damping": 0.6455334164170431, "width": 0.6578444249133333, "scale": 0.27456275280547643}