{"room_size": 0.7474596776146207, "damping": 0.6515796598788262, "width": 0.7803795832253186, "scale": 0.2497526414863878}