{"loss_end_value": 3.792870756275401, "parameters": {"dimensions_x": 10.0, "dimensions_y": 15.0, "dimensions_z": 10.0, "listener_pitch": 0.0, "listener_roll": 0.0, "listener_x": 0.6, "listener_y": 0.25, "listener_yaw": 0.0, "listener_z": 0.5, "source_x": 0.4, "source_y": 0.75, "source_z": 0.5, "125hz_wall_x_0": 0.38829163409071055, "250hz_wall_x_0": 0.48311506107420676, "500hz_wall_x_0": 0.47319501813469234, "1000hz_wall_x_0": 0.1595087575972451, "2000hz_wall_x_0": 0.6602517662164642, "4000hz_wall_x_0": 0.14308852687128343, "8000hz_wall_x_0": 0.6202975105146437, "16000hz_wall_x_0": 0.4112523658910315, "125hz_wall_x_1": 0.3611915101419967, "250hz_wall_x_1": 0.19475567447601497, "500hz_wall_x_1": 0.3378355999922004, "1000hz_wall_x_1": 0.5412532643392767, "2000hz_wall_x_1": 0.6651281162006977, "4000hz_wall_x_1": 0.38588227649600454, "8000hz_wall_x_1": 0.9611961053244544, "16000hz_wall_x_1": 0.21491686840255728, "125hz_wall_y_0": 0.7967115700983751, "250hz_wall_y_0": 0.18927549520186784, "500hz_wall_y_0": 0.6688910509405503, "1000hz_wall_y_0": 0.5516913438255205, "2000hz_wall_y_0": 0.13801285356126794, "4000hz_wall_y_0": 0.5234917087705064, "8000hz_wall_y_0": 0.6104792103168025, "16000hz_wall_y_0": 0.8215244179587315, "125hz_wall_y_1": 0.30054306938571296, "250hz_wall_y_1": 0.44685944431259617, "500hz_wall_y_1": 0.7533829415385787, "1000hz_wall_y_1": 0.6785091285055561, "2000hz_wall_y_1": 0.7096082384873205, "4000hz_wall_y_1": 0.8256272761575509, "8000hz_wall_y_1": 0.38238455682191225, "16000hz_wall_y_1": 0.5979851398800018, "125hz_wall_z_0": 0.6321165649567271, "250hz_wall_z_0": 0.14124299317152042, "500hz_wall_z_0": 0.24232943121422132, "1000hz_wall_z_0": 0.4991889664611937, "2000hz_wall_z_0": 0.6826015458406898, "4000hz_wall_z_0": 0.17557483638913485, "8000hz_wall_z_0": 0.41111254287636634, "16000hz_wall_z_0": 0.27135814235000416, "125hz_wall_z_1": 0.15899857510151683, "250hz_wall_z_1": 0.12813305176913525, "500hz_wall_z_1": 0.3795218444042945, "1000hz_wall_z_1": 0.43763971263669893, "2000hz_wall_z_1": 0.5112586408895851, "4000hz_wall_z_1": 0.740745587765654, "8000hz_wall_z_1": 0.2716186926212565, "16000hz_wall_z_1": 0.3016607220427767, "scale": 0.6369321237250432}}