{"room_size": 0.562551144149524, "damping": 1.0, "width": 0.0, "scale": 0.19605983833055188}