{"room_size": 0.5229214036914248, "damping": 0.9207492117582625, "width": 1.0, "scale": 0.04330653864136043}