{"room_size": 0.5902598026530463, "damping": 1.0, "width": 0.07809831106539304, "scale": 0.149634390254032}