{"room_size": 0.6011080598098822, "damping": 1.0, "width": 0.0, "scale": 0.4610692624380807}