{"room_size": 0.5708524779437365, "damping": 0.9555009281103491, "width": 0.4638010389148986, "scale": 0.05871632018560524}