{"room_size": 0.5956895345244175, "damping": 1.0, "width": 1.0, "scale": 0.14168331476378804}