{"room_size": 0.5178786427853794, "damping": 0.9032572498722811, "width": 1.0, "scale": 0.05029542238860314}