{"room_size": 0.5430984262582674, "damping": 0.8897496333338637, "width": 0.0, "scale": 0.13641502761772079}