{"room_size": 0.5999130557288606, "damping": 1.0, "width": 1.0, "scale": 0.14812294915871071}