{"room_size": 0.5582627184701926, "damping": 0.9191855793822666, "width": 0.4629108547309167, "scale": 0.09660953451715874}