{"room_size": 0.579422338868126, "damping": 1.0, "width": 0.0, "scale": 0.20097229582290507}