{"room_size": 0.6262706847265257, "damping": 1.0, "width": 0.0, "scale": 0.154459145293017}