{"room_size": 0.4964638727224101, "damping": 0.8487636875759054, "width": 1.0, "scale": 0.06098081584159905}