{"room_size": 0.5172650046313805, "damping": 1.0, "width": 0.4197813539123188, "scale": 0.07905489250362809}