{"room_size": 0.5225774240472232, "damping": 1.0, "width": 0.5355312200271904, "scale": 0.09330964852048373}