{"room_size": 0.472958363621368, "damping": 0.6775993203795261, "width": 0.6864402952287381, "scale": 0.07458525600136208}