{"room_size": 0.0, "damping": 0.4139805692469698, "width": 0.05273289316954373, "scale": 0.10609051257514814}