{"room_size": 0.0023231002069380112, "damping": 0.0, "width": 0.3253684357672056, "scale": 0.03412114307604447}