{"room_size": 0.0, "damping": 0.45531024181428564, "width": 0.0, "scale": 0.08281778329670926}