{"room_size": 0.0, "damping": 0.5286219070661256, "width": 0.0, "scale": 0.09193827601660491}