{"room_size": 0.05505948020908794, "damping": 1.0, "width": 0.032774640653925664, "scale": 0.512458648407307}