{"room_size": 1.0, "reverberation_time_s": 9.0, "lows_cutoff_frequency_hz": 20.0, "lows_q_factor": 0.41568313771351195, "lows_gain_db_s": -77.21095031591409, "highs_cutoff_frequency_hz": 11012.35235671963, "highs_q_factor": 0.8305820594028017, "highs_gain_db_s": -80.0, "fade_in_time_s": 9.0, "scale": 0.913200276797133}