{"room_size": 6.477157384329653, "reverberation_time_s": 8.679752502425547, "lows_cutoff_frequency_hz": 4786.5230634330865, "lows_q_factor": 0.6020554805881714, "lows_gain_db_s": -40.59554501707638, "highs_cutoff_frequency_hz": 4667.036219675174, "highs_q_factor": 0.8692498424774251, "highs_gain_db_s": -56.05882143124097, "fade_in_time_s": 0.0, "scale": 0.03992049258170294}