{"room_size": 30.0, "reverberation_time_s": 9.0, "lows_cutoff_frequency_hz": 20.0, "lows_q_factor": 0.04272100622314796, "lows_gain_db_s": -78.54370168684484, "highs_cutoff_frequency_hz": 2110.7259536620118, "highs_q_factor": 0.5722079936652714, "highs_gain_db_s": -80.0, "fade_in_time_s": 0.0, "scale": 1.0}