{"room_size": 2.8628262582378543, "reverberation_time_s": 5.780714869483776, "lows_cutoff_frequency_hz": 20000.0, "lows_q_factor": 0.5986349545842127, "lows_gain_db_s": -41.59285839439656, "highs_cutoff_frequency_hz": 1688.758452031029, "highs_q_factor": 0.6826805000835234, "highs_gain_db_s": -33.672251532233446, "fade_in_time_s": 0.0, "scale": 0.01929282501601896}