{"room_size": 0.7358884842990112, "damping": 0.6731297970301172, "width": 0.0, "scale": 0.45591219350461426}