{"room_size": 0.7343474966772371, "damping": 0.6804339509627615, "width": 0.0, "scale": 0.4707934405647143}