{"room_size": 0.6598984871507545, "damping": 0.35180860347122966, "width": 0.3796802752923362, "scale": 0.10684812280888258}