{"room_size": 0.5828156022742815, "damping": 0.2582873163421639, "width": 0.0, "scale": 0.08598997370823916}