{"room_size": 0.7391535980771585, "damping": 0.6529777477889195, "width": 1.0, "scale": 0.2834056214178046}