{"room_size": 0.6404540627596828, "damping": 0.29772697984679075, "width": 0.0, "scale": 0.09160262829079885}