{"room_size": 0.7412746071259122, "damping": 0.6588430698960405, "width": 0.6753797117300524, "scale": 0.19708091254754984}