{"room_size": 0.7714030664397983, "damping": 0.4681510199592744, "width": 0.8709389928633205, "scale": 0.07354211661120498}