{"room_size": 0.5271844627888908, "damping": 1.0, "width": 0.0, "scale": 0.03214011474976001}