{"room_size": 0.5359280552373069, "damping": 1.0, "width": 0.0, "scale": 0.0298468481330331}