{"room_size": 0.5569318808161906, "damping": 1.0, "width": 0.7764357141097341, "scale": 0.016074271912534542}