{"room_size": 0.5834138581255973, "damping": 1.0, "width": 0.0, "scale": 0.02695741384449339}