{"room_size": 0.5811739501787927, "damping": 1.0, "width": 0.0, "scale": 0.026423924826461893}