{"room_size": 0.571856859134295, "damping": 1.0, "width": 0.0, "scale": 0.026911871651447174}