{"room_size": 0.7169998351742214, "damping": 0.5166199664610731, "width": 0.6794478879092882, "scale": 0.12846264010349012}