{"room_size": 0.5241661422199606, "damping": 0.2235778690210491, "width": 1.0, "scale": 0.06246941608211813}