{"room_size": 0.7138391595023337, "damping": 0.5356014723976232, "width": 0.8878655208138706, "scale": 0.12091159028368424}