{"room_size": 0.7466023109650359, "damping": 0.5072737612350693, "width": 0.0, "scale": 0.1743048540737501}