{"room_size": 0.674711597837182, "damping": 0.36684673035981863, "width": 0.17276909623724224, "scale": 0.10290631099487833}