{"room_size": 0.6970472779522153, "damping": 0.37334908288771096, "width": 0.0, "scale": 0.12268315047774174}