{"room_size": 0.6192830986868927, "damping": 0.29104349921424455, "width": 0.0, "scale": 0.11356039295817032}