{"room_size": 0.6662347246598802, "damping": 0.4364620068785588, "width": 0.5806813674198937, "scale": 0.11646117543028235}