{"room_size": 5.582584581652483, "reverberation_time_s": 6.673065388503298, "lows_cutoff_frequency_hz": 18881.67991416955, "lows_q_factor": 0.9, "lows_gain_db_s": -80.0, "highs_cutoff_frequency_hz": 12144.896413083563, "highs_q_factor": 0.43719872890874667, "highs_gain_db_s": -39.55919971235884, "fade_in_time_s": 0.0, "scale": 0.41748275181822214}