{"room_size": 1.871701520843382, "reverberation_time_s": 1.4710503813528741, "lows_cutoff_frequency_hz": 16257.536887026232, "lows_q_factor": 0.01386180996086833, "lows_gain_db_s": -22.769249992486962, "highs_cutoff_frequency_hz": 5877.747185340411, "highs_q_factor": 0.6879309564510424, "highs_gain_db_s": -67.59238111542376, "fade_in_time_s": 0.3275543935826773, "scale": 0.004633308167650735}