{"room_size": 30.0, "reverberation_time_s": 8.209319017869186, "lows_cutoff_frequency_hz": 10760.881861212643, "lows_q_factor": 0.01, "lows_gain_db_s": -43.62576506632757, "highs_cutoff_frequency_hz": 5875.996399849388, "highs_q_factor": 0.9, "highs_gain_db_s": -80.0, "fade_in_time_s": 0.0, "scale": 0.22774065796859413}