{"room_size": 1.0, "reverberation_time_s": 8.365167509374036, "lows_cutoff_frequency_hz": 8880.733636945894, "lows_q_factor": 0.16891642126224918, "lows_gain_db_s": -80.0, "highs_cutoff_frequency_hz": 4193.705208733714, "highs_q_factor": 0.7462588113881062, "highs_gain_db_s": -80.0, "fade_in_time_s": 0.0, "scale": 0.46974333020904263}