{"room_size": 1.0513905767827305, "reverberation_time_s": 1.0447757546669563, "lows_cutoff_frequency_hz": 19259.161966011536, "lows_q_factor": 0.7261829863789727, "lows_gain_db_s": 6.0, "highs_cutoff_frequency_hz": 5746.088650704761, "highs_q_factor": 0.7831022878191077, "highs_gain_db_s": -61.29867315320551, "fade_in_time_s": 0.0, "scale": 0.13752690938834228}