{"room_size": 27.52761880623723, "reverberation_time_s": 7.072864713134634, "lows_cutoff_frequency_hz": 14582.761544706358, "lows_q_factor": 0.01, "lows_gain_db_s": -60.68106676377198, "highs_cutoff_frequency_hz": 10773.329906508836, "highs_q_factor": 0.3311174312415557, "highs_gain_db_s": -29.439761156065252, "fade_in_time_s": 0.0, "scale": 0.45640275254593526}