{"room_size": 2.4657024940101713, "reverberation_time_s": 3.625419856515237, "lows_cutoff_frequency_hz": 19524.67142777623, "lows_q_factor": 0.5143334983037632, "lows_gain_db_s": -80.0, "highs_cutoff_frequency_hz": 10593.755186701817, "highs_q_factor": 0.2686191633924233, "highs_gain_db_s": -58.8762007456948, "fade_in_time_s": 2.3212268595965573, "scale": 0.008393562999303935}