{"room_size": 1.0, "reverberation_time_s": 1.222785558158836, "lows_cutoff_frequency_hz": 2578.1267692627066, "lows_q_factor": 0.03988038454376746, "lows_gain_db_s": -55.42118832359434, "highs_cutoff_frequency_hz": 17397.46192110788, "highs_q_factor": 0.43844690296957517, "highs_gain_db_s": -80.0, "fade_in_time_s": 0.0, "scale": 0.2556383269027551}