{"room_size": 1.0, "reverberation_time_s": 6.664182911805278, "lows_cutoff_frequency_hz": 1485.9180056531131, "lows_q_factor": 0.03151159376695309, "lows_gain_db_s": -23.881654472450954, "highs_cutoff_frequency_hz": 20.0, "highs_q_factor": 0.1812804431670148, "highs_gain_db_s": -26.10793299935233, "fade_in_time_s": 0.0, "scale": 0.08055789457045959}