{"room_size": 28.033999193157058, "reverberation_time_s": 4.8455635387390785, "lows_cutoff_frequency_hz": 11751.530969043279, "lows_q_factor": 0.050702719358719055, "lows_gain_db_s": -45.99669384273252, "highs_cutoff_frequency_hz": 9138.078351545351, "highs_q_factor": 0.5015712775554299, "highs_gain_db_s": -68.20057618429841, "fade_in_time_s": 0.0, "scale": 0.38818894407502563}