{"room_size": 30.0, "reverberation_time_s": 0.4511494686934593, "lows_cutoff_frequency_hz": 617.4746818645374, "lows_q_factor": 0.06955440895057956, "lows_gain_db_s": -21.201706991446166, "highs_cutoff_frequency_hz": 6448.717411697129, "highs_q_factor": 0.8092910894247614, "highs_gain_db_s": -80.0, "fade_in_time_s": 3.997026604724532, "scale": 0.03651386741989786}