{"room_size": 1.6227091714222004, "reverberation_time_s": 2.7803493470433676, "lows_cutoff_frequency_hz": 5992.832943863121, "lows_q_factor": 0.1737083788206519, "lows_gain_db_s": -80.0, "highs_cutoff_frequency_hz": 8734.948838017748, "highs_q_factor": 0.011766798137567144, "highs_gain_db_s": -17.8999724635612, "fade_in_time_s": 0.0, "scale": 0.2514873297708092}