{"room_size": 30.0, "reverberation_time_s": 0.1, "lows_cutoff_frequency_hz": 11534.420727638937, "lows_q_factor": 0.19255793102524427, "lows_gain_db_s": -2.9609185319222178, "highs_cutoff_frequency_hz": 8423.173213799766, "highs_q_factor": 0.7694783799587888, "highs_gain_db_s": -43.859919648067105, "fade_in_time_s": 1.4273059616813146, "scale": 1.0}