{"room_size": 13.633450868091774, "reverberation_time_s": 5.869706138186754, "lows_cutoff_frequency_hz": 15789.174650641158, "lows_q_factor": 0.01, "lows_gain_db_s": -53.170833243130794, "highs_cutoff_frequency_hz": 6967.661506893291, "highs_q_factor": 0.9, "highs_gain_db_s": -80.0, "fade_in_time_s": 0.0, "scale": 0.8387114635875264}