{"room_size": 5.265441659358311, "reverberation_time_s": 2.7588428924593673, "lows_cutoff_frequency_hz": 12419.119476311567, "lows_q_factor": 0.01, "lows_gain_db_s": -72.21710843815096, "highs_cutoff_frequency_hz": 11569.250961405389, "highs_q_factor": 0.4122783118532944, "highs_gain_db_s": -79.35584313953662, "fade_in_time_s": 4.446610810093273, "scale": 0.008064878288064636}