{"room_size": 13.51938844672159, "reverberation_time_s": 0.18279235147267375, "lows_cutoff_frequency_hz": 3807.7235524927178, "lows_q_factor": 0.21236228988769892, "lows_gain_db_s": -22.535018355976526, "highs_cutoff_frequency_hz": 8184.293096084037, "highs_q_factor": 0.9, "highs_gain_db_s": -80.0, "fade_in_time_s": 1.9857926205591947, "scale": 0.03817022669405039}