{"room_size": 27.93290646649903, "reverberation_time_s": 0.1, "lows_cutoff_frequency_hz": 16589.25096400344, "lows_q_factor": 0.019597703945278117, "lows_gain_db_s": -7.363609090112391, "highs_cutoff_frequency_hz": 8778.739033430384, "highs_q_factor": 0.24305954802343954, "highs_gain_db_s": -73.01088202787963, "fade_in_time_s": 4.018002370518452, "scale": 0.5642797029707789}