{"loss_end_value": 0.9976263770794296, "parameters": {"output_mode": "Stereo", "source_gain_db": 0, "render_line_of_sight": false, "source_x": 0.5, "source_y": 0.5, "source_z": 0.5, "listener_x": 0.4, "listener_y": 0.65, "listener_z": 0.5, "listener_pitch": 0.0, "listener_yaw": 0.0, "listener_roll": 0.0, "dimensions_x_m": 3, "dimensions_y_m": 3, "dimensions_z_m": 3, "125hz_wall_x_0": 0.14696523311809012, "250hz_wall_x_0": 0.21967463969421086, "500hz_wall_x_0": 0.3992707513556041, "1000hz_wall_x_0": 0.46175426320984836, "2000hz_wall_x_0": 0.5528609227232806, "4000hz_wall_x_0": 0.5686167312420101, "8000hz_wall_x_0": 0.5686167312420101, "16000hz_wall_x_0": 0.5686167312420101, "125hz_wall_x_1": 0.3461249681193967, "250hz_wall_x_1": 0.550512098835421, "500hz_wall_x_1": 0.6332543605746819, "1000hz_wall_x_1": 0.5982658470319446, "2000hz_wall_x_1": 0.5276474583612257, "4000hz_wall_x_1": 0.47400815244285377, "8000hz_wall_x_1": 0.47400815244285377, "16000hz_wall_x_1": 0.47400815244285377, "125hz_wall_y_0": 0.4220318913023633, "250hz_wall_y_0": 0.6051817217599453, "500hz_wall_y_0": 0.5230025063681186, "1000hz_wall_y_0": 0.37585627270948985, "2000hz_wall_y_0": 0.17921213930282065, "4000hz_wall_y_0": 0.08216331439954017, "8000hz_wall_y_0": 0.08216331439954017, "16000hz_wall_y_0": 0.08216331439954017, "125hz_wall_y_1": 0.4172865289780078, "250hz_wall_y_1": 0.6046021528825922, "500hz_wall_y_1": 0.5378196001967062, "1000hz_wall_y_1": 0.40066548282303693, "2000hz_wall_y_1": 0.21445839061679567, "4000hz_wall_y_1": 0.12079728250069455, "8000hz_wall_y_1": 0.12079728250069455, "16000hz_wall_y_1": 0.12079728250069455, "125hz_wall_z_0": 0.13176316450552855, "250hz_wall_z_0": 0.19635938629801475, "500hz_wall_z_0": 0.3868215834217609, "1000hz_wall_z_0": 0.4587803692812902, "2000hz_wall_z_0": 0.5639786268513194, "4000hz_wall_z_0": 0.5854916158582728, "8000hz_wall_z_0": 0.5854916158582728, "16000hz_wall_z_0": 0.5854916158582728, "125hz_wall_z_1": 0.26283445716501713, "250hz_wall_z_1": 0.40463173106940553, "500hz_wall_z_1": 0.5144001007773489, "1000hz_wall_z_1": 0.512277040376494, "2000hz_wall_z_1": 0.502513734837827, "4000hz_wall_z_1": 0.47611019007510696, "8000hz_wall_z_1": 0.47611019007510696, "16000hz_wall_z_1": 0.47611019007510696}}