{"loss_end_value": 1.4136732384143809, "parameters": {"output_mode": "Stereo", "source_gain_db": 0, "render_line_of_sight": false, "source_x": 0.5, "source_y": 0.5, "source_z": 0.5, "listener_x": 0.4, "listener_y": 0.65, "listener_z": 0.5, "listener_pitch": 0.0, "listener_yaw": 0.0, "listener_roll": 0.0, "dimensions_x_m": 3, "dimensions_y_m": 3, "dimensions_z_m": 3, "125hz_wall_x_0": 0.4128054910081257, "250hz_wall_x_0": 0.6303304465934483, "500hz_wall_x_0": 0.01932312872528053, "1000hz_wall_x_0": 0.8781930194396451, "2000hz_wall_x_0": 0.014130775818242073, "4000hz_wall_x_0": 0.4705738594350256, "8000hz_wall_x_0": 0.6602026081735616, "16000hz_wall_x_0": 0.4927853156449956, "125hz_wall_x_1": 0.8061096024582554, "250hz_wall_x_1": 0.37681487661871205, "500hz_wall_x_1": 0.43064685346923226, "1000hz_wall_x_1": 0.34185372958300336, "2000hz_wall_x_1": 0.5979095887114954, "4000hz_wall_x_1": 0.20603442464316685, "8000hz_wall_x_1": 0.011737801048407718, "16000hz_wall_x_1": 0.19291943166417908, "125hz_wall_y_0": 0.6893563482656885, "250hz_wall_y_0": 0.3392328280324564, "500hz_wall_y_0": 0.33138514873572694, "1000hz_wall_y_0": 0.8104447598196777, "2000hz_wall_y_0": 0.23153408549166626, "4000hz_wall_y_0": 0.4116787776481913, "8000hz_wall_y_0": 0.1534549207137981, "16000hz_wall_y_0": 0.4869927380795124, "125hz_wall_y_1": 0.5096813925932445, "250hz_wall_y_1": 0.7877723785693495, "500hz_wall_y_1": 0.7906180344676568, "1000hz_wall_y_1": 0.6740733269983414, "2000hz_wall_y_1": 0.5463441947694797, "4000hz_wall_y_1": 0.7395273147126442, "8000hz_wall_y_1": 0.4963206014763337, "16000hz_wall_y_1": 0.7910175683041825, "125hz_wall_z_0": 0.30841051046122575, "250hz_wall_z_0": 0.5062808657525887, "500hz_wall_z_0": 0.578098374676961, "1000hz_wall_z_0": 0.4491106896710719, "2000hz_wall_z_0": 0.0776108093259953, "4000hz_wall_z_0": 0.1648589572529964, "8000hz_wall_z_0": 0.6290718622008972, "16000hz_wall_z_0": 0.24614348198474617, "125hz_wall_z_1": 0.24954461970344227, "250hz_wall_z_1": 0.2947159123284577, "500hz_wall_z_1": 0.16478978907240563, "1000hz_wall_z_1": 0.03597136860707973, "2000hz_wall_z_1": 0.7384755710284762, "4000hz_wall_z_1": 0.22114067225484474, "8000hz_wall_z_1": 0.32984845121515055, "16000hz_wall_z_1": 0.14308997002152782, "scale": 0.48212270657950185}}