{"loss_end_value": 1.0176249524102583, "parameters": {"output_mode": "Stereo", "source_gain_db": 0, "render_line_of_sight": false, "source_x": 0.5, "source_y": 0.5, "source_z": 0.5, "listener_x": 0.9, "listener_y": 0.1, "listener_z": 0.65, "listener_pitch": 0.0, "listener_yaw": 0.0, "listener_roll": 0.0, "dimensions_x_m": 3, "dimensions_y_m": 3, "dimensions_z_m": 3, "125hz_wall_x_0": 0.34676154376948276, "250hz_wall_x_0": 0.5629244804030927, "500hz_wall_x_0": 0.6657074894193618, "1000hz_wall_x_0": 0.6423320036213003, "2000hz_wall_x_0": 0.5814327456240639, "4000hz_wall_x_0": 0.5302679893109474, "8000hz_wall_x_0": 0.5302679893109474, "16000hz_wall_x_0": 0.5302679893109474, "125hz_wall_x_1": 0.04382367746133811, "250hz_wall_x_1": 0.006979284857698831, "500hz_wall_x_1": 0.16260879757358038, "1000hz_wall_x_1": 0.23213644641399006, "2000hz_wall_x_1": 0.3697132435388404, "4000hz_wall_x_1": 0.41158621618853497, "8000hz_wall_x_1": 0.41158621618853497, "16000hz_wall_x_1": 0.41158621618853497, "125hz_wall_y_0": 0.42417722765026833, "250hz_wall_y_0": 0.6811631558477198, "500hz_wall_y_0": 0.7277277699112175, "1000hz_wall_y_0": 0.6555823030786633, "2000hz_wall_y_0": 0.5224779955274474, "4000hz_wall_y_0": 0.44187806348078706, "8000hz_wall_y_0": 0.44187806348078706, "16000hz_wall_y_0": 0.44187806348078706, "125hz_wall_y_1": 0.6294997896849133, "250hz_wall_y_1": 0.9686350221572348, "500hz_wall_y_1": 0.8192811654850691, "1000hz_wall_y_1": 0.5903552475148974, "2000hz_wall_y_1": 0.24220021304214312, "4000hz_wall_y_1": 0.0773291254576533, "8000hz_wall_y_1": 0.0773291254576533, "16000hz_wall_y_1": 0.0773291254576533, "125hz_wall_z_0": 0.19168410157400595, "250hz_wall_z_0": 0.26770407942389396, "500hz_wall_z_0": 0.37849670763203797, "1000hz_wall_z_0": 0.3915208181299443, "2000hz_wall_z_0": 0.42264523384955366, "4000hz_wall_z_0": 0.4165844228180329, "8000hz_wall_z_0": 0.4165844228180329, "16000hz_wall_z_0": 0.4165844228180329, "125hz_wall_z_1": 0.16426992103007515, "250hz_wall_z_1": 0.2388388251106943, "500hz_wall_z_1": 0.39284696145607023, "1000hz_wall_z_1": 0.43679879634722973, "2000hz_wall_z_1": 0.5052157819211921, "4000hz_wall_z_1": 0.5126666495402514, "8000hz_wall_z_1": 0.5126666495402514, "16000hz_wall_z_1": 0.5126666495402514}}