{"room_size": 0.0, "damping": 0.2417512173364604, "width": 0.6205029240225092, "scale": 0.0029077333035165093}