{"room_size": 0.0, "damping": 0.5464017978863416, "width": 0.983459229557474, "scale": 0.00586436327267256}