{"room_size": 0.17647819393515174, "damping": 0.41873693857051447, "width": 0.10982481963682098, "scale": 0.0016811055194826776}