{"room_size": 0.0, "damping": 0.7459956827277916, "width": 0.5849778347218381, "scale": 0.009311506466872257}