{"room_size": 0.0, "damping": 0.16815874529525004, "width": 0.7128132660968622, "scale": 0.0016033077613460134}