{"room_size": 0.5235206413882604, "damping": 0.9434072628931992, "width": 1.0, "scale": 0.04522130217720557}