{"room_size": 0.5679770204005383, "damping": 1.0, "width": 1.0, "scale": 0.04803707587537447}