{"room_size": 0.5249542577432806, "damping": 0.8452637970494151, "width": 0.9013445282539553, "scale": 0.039253718702320944}