{"room_size": 0.5334600396726175, "damping": 0.9479338630457118, "width": 1.0, "scale": 0.04997073059446374}