{"room_size": 0.5808992691712028, "damping": 0.9207761014084661, "width": 1.0, "scale": 0.07972660985834176}