{"room_size": 0.21311243910763328, "damping": 0.7072022321182218, "width": 0.984542354499984, "scale": 0.3317691489692902}