{"room_size": 0.3729234314920138, "damping": 0.7014138369111282, "width": 1.0, "scale": 0.051984591684016805}