{"room_size": 0.48435848332065407, "damping": 0.9040653850299804, "width": 0.9747887240739481, "scale": 0.04536005575972408}