{"room_size": 0.5601529270107451, "damping": 1.0, "width": 1.0, "scale": 0.05854254292729777}