{"room_size": 0.5954260158212548, "damping": 1.0, "width": 0.0, "scale": 0.22662179515779843}