{"room_size": 0.575732054023588, "damping": 1.0, "width": 0.0, "scale": 0.21081989619320607}