{"room_size": 0.5673702613534494, "damping": 1.0, "width": 0.0, "scale": 0.21419083909461467}