{"room_size": 0.5832666842982822, "damping": 1.0, "width": 1.0, "scale": 0.1522159235089087}