{"room_size": 0.0, "damping": 0.10675446616495333, "width": 0.44972512663097386, "scale": 0.029093273495092043}