{"room_size": 0.0, "damping": 0.6439704601322728, "width": 0.8357485281278767, "scale": 0.06191796952352002}