{"room_size": 0.0, "damping": 1.0, "width": 0.7020870865485487, "scale": 0.14569360907457085}