{"room_size": 0.0, "damping": 0.3754654119241513, "width": 0.1571929194961696, "scale": 0.0821143873594162}