{"room_size": 0.06053705566625512, "damping": 1.0, "width": 1.0, "scale": 0.1525135180389871}