{"room_size": 0.0, "damping": 0.9885697160981158, "width": 0.4120566359988633, "scale": 0.20234134513216992}