{"room_size": 0.048106480034029675, "damping": 1.0, "width": 0.8865854378459008, "scale": 0.23488637728883838}