{"room_size": 0.0, "damping": 0.4953310554296133, "width": 0.0, "scale": 0.08426884595789765}