{"room_size": 0.0, "damping": 0.3894976682728824, "width": 0.24758537229370273, "scale": 0.05225909923727306}