{"room_size": 0.0, "damping": 0.5047683891986156, "width": 0.4694562228191428, "scale": 0.06449027755026067}