{"room_size": 0.45820124270874624, "damping": 0.6634150096947363, "width": 0.41190710856163465, "scale": 0.048888853371970416}