{"room_size": 0.6306837049014974, "damping": 1.0, "width": 0.4229928228039022, "scale": 0.1191310306516078}