{"room_size": 0.6056930114968434, "damping": 1.0, "width": 0.0, "scale": 0.22123437671467963}