{"room_size": 0.6043090115908625, "damping": 1.0, "width": 0.9429015321999349, "scale": 0.2535700073428826}