{"room_size": 0.5712674411052671, "damping": 0.9569123588564179, "width": 0.0, "scale": 0.15607737011790607}