{"room_size": 0.36245489666945335, "damping": 0.5293836045583872, "width": 0.0, "scale": 0.05344733884151003}