{"room_size": 0.45028626091180496, "damping": 0.6862917301639382, "width": 1.0, "scale": 0.04078979810264048}