{"room_size": 0.5855387714339882, "damping": 1.0, "width": 0.0, "scale": 0.21254178354740058}