{"room_size": 0.6106485309288374, "damping": 1.0, "width": 0.9201272098772013, "scale": 0.14966816214821593}