{"room_size": 0.5038007772755535, "damping": 0.8864454005051738, "width": 0.0, "scale": 0.08868436576324774}