{"room_size": 0.5240663075808513, "damping": 0.8634625203795031, "width": 0.2338516578305568, "scale": 0.10652111659402709}