{"room_size": 0.5413274926285222, "damping": 1.0, "width": 0.5578657828408349, "scale": 0.06827223300190684}