{"room_size": 0.536113737753689, "damping": 1.0, "width": 1.0, "scale": 0.15533401406029923}