{"room_size": 0.5166724152581698, "damping": 0.8961434168871445, "width": 0.3986594486771966, "scale": 0.0632525384002489}