{"room_size": 0.2525100257293303, "damping": 0.7530694235098023, "width": 0.6388525952871538, "scale": 0.516789915471966}