{"room_size": 0.2923560470696056, "damping": 0.6506593273336553, "width": 0.7673073494418816, "scale": 0.48556123389384}