{"room_size": 0.7046376604542558, "damping": 0.5511668900514698, "width": 1.0, "scale": 0.12413501006089253}