{"room_size": 0.680010369947401, "damping": 0.3988097588115938, "width": 0.0, "scale": 0.14597677105694054}