{"room_size": 0.6152048037043918, "damping": 0.23474520290938328, "width": 0.0, "scale": 0.09229951292012703}