{"room_size": 0.5636909356367249, "damping": 0.19327278442813398, "width": 0.24759352823093786, "scale": 0.0773245008362609}