{"room_size": 0.5948961961898966, "damping": 0.3216983617534517, "width": 0.0, "scale": 0.12206465592638609}