{"room_size": 0.7248055332239826, "damping": 0.5915100021339013, "width": 0.5635923974405034, "scale": 0.21496378843013483}