{"room_size": 0.676637781085576, "damping": 0.3677804124372232, "width": 0.0, "scale": 0.13825215030284163}