{"room_size": 0.5131874335576341, "damping": 1.0, "width": 0.0, "scale": 0.03512213695312364}