{"room_size": 0.510347363876307, "damping": 1.0, "width": 0.0, "scale": 0.036273756780525114}