{"room_size": 0.4945775482132074, "damping": 1.0, "width": 0.7380853303346352, "scale": 0.09082057592278765}