{"room_size": 0.48255047724649763, "damping": 0.885098317918986, "width": 0.6873457873186936, "scale": 0.05338815937660785}