{"room_size": 0.5542216587049298, "damping": 1.0, "width": 0.0, "scale": 0.2030271382497843}