{"room_size": 0.6907439609808758, "damping": 1.0, "width": 0.8983721411855272, "scale": 0.011149090296314937}