{"loss_end_value": 8.06571971535946, "parameters": {"output_mode": "Stereo", "source_gain_db": 0, "render_line_of_sight": false, "source_x": 0.5, "source_y": 0.5, "source_z": 0.5, "listener_x": 0.2, "listener_y": 0.1, "listener_z": 0.2, "listener_pitch": 0.0, "listener_yaw": 0.0, "listener_roll": 0.0, "dimensions_x_m": 7, "dimensions_y_m": 6, "dimensions_z_m": 4, "125hz_wall_x_0": 0.16515063613851436, "250hz_wall_x_0": 0.5960423342913458, "500hz_wall_x_0": 0.6262572698944111, "1000hz_wall_x_0": 0.23128089647661204, "2000hz_wall_x_0": 0.4523389801386354, "4000hz_wall_x_0": 0.013048136005406111, "8000hz_wall_x_0": 0.6966317517383426, "16000hz_wall_x_0": 0.403260983733871, "125hz_wall_x_1": 0.7270235815014733, "250hz_wall_x_1": 0.1999637704969573, "500hz_wall_x_1": 0.059357838171088986, "1000hz_wall_x_1": 0.2629460789254972, "2000hz_wall_x_1": 0.6367829348923126, "4000hz_wall_x_1": 0.18316002886634455, "8000hz_wall_x_1": 0.36936791725292134, "16000hz_wall_x_1": 0.2797326150926112, "125hz_wall_y_0": 0.04316597145863455, "250hz_wall_y_0": 0.7115693127500234, "500hz_wall_y_0": 0.9166693525807037, "1000hz_wall_y_0": 0.3162083497864568, "2000hz_wall_y_0": 0.734600494089734, "4000hz_wall_y_0": 0.7319404434719184, "8000hz_wall_y_0": 0.6193218957119314, "16000hz_wall_y_0": 0.13658362691274997, "125hz_wall_y_1": 0.2875092645546444, "250hz_wall_y_1": 0.30552395958093087, "500hz_wall_y_1": 0.0479233528485329, "1000hz_wall_y_1": 0.5691027711398836, "2000hz_wall_y_1": 0.23897775423189865, "4000hz_wall_y_1": 0.09705260261787643, "8000hz_wall_y_1": 0.22288044329565831, "16000hz_wall_y_1": 0.805655060199425, "125hz_wall_z_0": 0.4833041526508389, "250hz_wall_z_0": 0.5959497421803694, "500hz_wall_z_0": 0.6051813453381419, "1000hz_wall_z_0": 0.2649148096452119, "2000hz_wall_z_0": 0.35775652976493727, "4000hz_wall_z_0": 0.3241068266088511, "8000hz_wall_z_0": 0.41253772429707813, "16000hz_wall_z_0": 0.8948458687353755, "125hz_wall_z_1": 0.7960881672342814, "250hz_wall_z_1": 0.6988779723775371, "500hz_wall_z_1": 0.4426217344911064, "1000hz_wall_z_1": 0.5000750437384336, "2000hz_wall_z_1": 0.46052243800209536, "4000hz_wall_z_1": 0.14639702186041728, "8000hz_wall_z_1": 0.08501125567539637, "16000hz_wall_z_1": 0.32405274596612516, "scale": 0.24176189503227835}}