{"room_size": 10.711680728184355, "reverberation_time_s": 3.241181173105817, "lows_cutoff_frequency_hz": 17826.25589392502, "lows_q_factor": 0.6678596068749262, "lows_gain_db_s": -7.821938244031955, "highs_cutoff_frequency_hz": 14935.618015574679, "highs_q_factor": 0.35071931592614647, "highs_gain_db_s": -65.29703778031012, "fade_in_time_s": 0.0, "scale": 0.9994751442371949}