{"room_size": 30.0, "reverberation_time_s": 6.392738396029711, "lows_cutoff_frequency_hz": 16048.765733281389, "lows_q_factor": 0.01, "lows_gain_db_s": -42.225235045629084, "highs_cutoff_frequency_hz": 12868.369143305752, "highs_q_factor": 0.31533025919908114, "highs_gain_db_s": -71.05778461869544, "fade_in_time_s": 0.01038843849883447, "scale": 0.8067506383285188}