{"room_size": 0.6232269530082971, "damping": 1.0, "width": 0.17852831666769883, "scale": 0.3217978255490804}