{"room_size": 0.6790690277838856, "damping": 0.3939686975774318, "width": 0.7495836444907573, "scale": 0.09011998610669827}