{"room_size": 0.741527119968072, "damping": 0.5914000982888719, "width": 0.12616130552098778, "scale": 0.46346853643611063}