{"room_size": 0.7139135248965223, "damping": 0.5288888186399089, "width": 0.6233929741242906, "scale": 0.1380845668271635}