{"room_size": 0.6693096110572118, "damping": 0.3436567002240069, "width": 0.0, "scale": 0.13783043183759794}