{"room_size": 0.6310777212250522, "damping": 0.4125352010928915, "width": 0.0, "scale": 0.15506383029813034}