{"room_size": 0.6115533685069687, "damping": 0.24836628474880862, "width": 0.0, "scale": 0.1137530109685201}