{"room_size": 0.7453440051962196, "damping": 0.5898825521709384, "width": 1.0, "scale": 0.13203181650387957}