{"room_size": 0.5479248403346623, "damping": 0.16984317506100763, "width": 0.0, "scale": 0.07943976863923635}