{"room_size": 0.6315640925200804, "damping": 0.27983800646870843, "width": 0.12855384884532756, "scale": 0.08113450784682887}