{"room_size": 0.7021311350288078, "damping": 0.5315752496232757, "width": 1.0, "scale": 0.12439733033092173}