{"room_size": 0.40582873901631306, "damping": 0.23456194666744887, "width": 0.0, "scale": 0.12039701111016886}