{"room_size": 0.7276873420425849, "damping": 0.517264124608039, "width": 0.4679456402472967, "scale": 0.13939866295868042}