{"room_size": 18.334077901792465, "reverberation_time_s": 5.643483446387206, "lows_cutoff_frequency_hz": 8374.441084687702, "lows_q_factor": 0.046258827905306735, "lows_gain_db_s": -32.65800190192035, "highs_cutoff_frequency_hz": 1181.3659240023349, "highs_q_factor": 0.11979001020708446, "highs_gain_db_s": -14.189896910980579, "fade_in_time_s": 0.0, "scale": 0.5689285784124917}