{"room_size": 15.812705777922828, "reverberation_time_s": 0.1, "lows_cutoff_frequency_hz": 11245.870260722055, "lows_q_factor": 0.03192931056195382, "lows_gain_db_s": -78.92695077423417, "highs_cutoff_frequency_hz": 19778.766043432286, "highs_q_factor": 0.2947090132873037, "highs_gain_db_s": -69.83993631695652, "fade_in_time_s": 7.016053695202194, "scale": 0.09025079946533425}