{"room_size": 18.34572515271269, "reverberation_time_s": 6.719239139810714, "lows_cutoff_frequency_hz": 12042.669134670776, "lows_q_factor": 0.01, "lows_gain_db_s": -48.70116377707154, "highs_cutoff_frequency_hz": 10060.534518702345, "highs_q_factor": 0.2630172386981996, "highs_gain_db_s": -45.67395492266692, "fade_in_time_s": 0.0, "scale": 1.0}