{"room_size": 1.0, "reverberation_time_s": 3.974781402525313, "lows_cutoff_frequency_hz": 13927.270020715505, "lows_q_factor": 0.01, "lows_gain_db_s": -49.70283411967387, "highs_cutoff_frequency_hz": 6322.19398239124, "highs_q_factor": 0.5322473566814742, "highs_gain_db_s": -54.277648200920424, "fade_in_time_s": 1.438129184835129, "scale": 0.1460246444938664}