{"room_size": 27.875564929481506, "reverberation_time_s": 3.843495197981731, "lows_cutoff_frequency_hz": 8118.819618085833, "lows_q_factor": 0.06334392595300947, "lows_gain_db_s": -37.97275650180655, "highs_cutoff_frequency_hz": 15110.557261023245, "highs_q_factor": 0.6083414162806212, "highs_gain_db_s": -51.23912915209223, "fade_in_time_s": 0.0012871977035566703, "scale": 1.0}