{"room_size": 1.0, "reverberation_time_s": 0.1, "lows_cutoff_frequency_hz": 20000.0, "lows_q_factor": 0.19328584715380667, "lows_gain_db_s": -1.8689759116104625, "highs_cutoff_frequency_hz": 20000.0, "highs_q_factor": 0.16625382390716711, "highs_gain_db_s": -80.0, "fade_in_time_s": 2.0341853547050666, "scale": 0.19374515947166532}