{"room_size": 28.04387872513769, "reverberation_time_s": 0.1, "lows_cutoff_frequency_hz": 8472.963659686982, "lows_q_factor": 0.016514241602066677, "lows_gain_db_s": -34.85512810739799, "highs_cutoff_frequency_hz": 11565.335854212068, "highs_q_factor": 0.5386311924390126, "highs_gain_db_s": -75.41862414984845, "fade_in_time_s": 3.131185833912954, "scale": 0.027639849505518715}