{"room_size": 4.131235127063799, "reverberation_time_s": 1.7097712110406362, "lows_cutoff_frequency_hz": 20.0, "lows_q_factor": 0.03187129813810246, "lows_gain_db_s": -9.289687602413721, "highs_cutoff_frequency_hz": 12355.790299554214, "highs_q_factor": 0.17203764016827056, "highs_gain_db_s": -54.97148505683088, "fade_in_time_s": 1.7838815497844014, "scale": 0.009730761403812821}