{"room_size": 0.6815864176978482, "damping": 0.3437286805135404, "width": 0.8562729638821004, "scale": 0.06893952170524667}