{"room_size": 0.6733517634684395, "damping": 0.40980336179709587, "width": 0.8947523897981244, "scale": 0.07105243482229698}