{"room_size": 0.722884614265397, "damping": 0.5461240531911217, "width": 0.6229195003882504, "scale": 0.13307901061675875}