{"room_size": 0.6204865936693401, "damping": 0.22099443530582466, "width": 0.035107934487474096, "scale": 0.07948102993759505}