{"room_size": 0.5146329296853188, "damping": 0.2233981597051482, "width": 1.0, "scale": 0.04970665621382373}