{"room_size": 0.5419607681358503, "damping": 0.16588543209231055, "width": 0.0, "scale": 0.10007032689897198}