{"room_size": 0.6318761645673646, "damping": 0.2541309439607553, "width": 0.012441272722192451, "scale": 0.08836333300754068}