{"room_size": 0.7630168139354641, "damping": 0.4898434121276857, "width": 0.29599316818537075, "scale": 0.11667007323605472}