{"room_size": 0.750227501793053, "damping": 0.5946580908026375, "width": 0.0, "scale": 0.2485860916542202}