{"room_size": 0.5775668787353805, "damping": 0.25027972773622836, "width": 0.21476305255771405, "scale": 0.07711065019018598}