{"room_size": 0.7512525195155139, "damping": 0.6296006494854377, "width": 0.9006398920705829, "scale": 0.1549336182335039}