{"room_size": 0.2538647346089814, "damping": 0.9339814798866527, "width": 0.2199892212438397, "scale": 0.5177907183457395}