{"room_size": 0.2243511999405186, "damping": 0.9108218213498952, "width": 0.4766614452902941, "scale": 0.49496803235192177}