{"room_size": 0.0, "damping": 1.0, "width": 0.399846689742125, "scale": 0.2551553408752628}