{"room_size": 0.0, "damping": 0.34154669304626245, "width": 0.1333593793074438, "scale": 0.0562991013602126}