{"room_size": 0.0, "damping": 0.3907966803251317, "width": 0.12716982130504997, "scale": 0.04253948992755724}