{"room_size": 0.0, "damping": 1.0, "width": 0.15183292072639726, "scale": 0.04510814351754486}