{"room_size": 0.0, "damping": 0.5522269704500274, "width": 0.0, "scale": 0.08917804648004808}