{"room_size": 0.0, "damping": 0.5736481997540829, "width": 0.07271457701531361, "scale": 0.07112860599022836}