{"room_size": 0.0, "damping": 0.5200306138775708, "width": 0.0, "scale": 0.07785622381175368}