{"room_size": 0.0, "damping": 1.0, "width": 0.7704238640478358, "scale": 0.18002603881461235}