{"room_size": 0.0, "damping": 0.42350088051442225, "width": 0.0, "scale": 0.06019858071299552}