{"room_size": 0.0, "damping": 1.0, "width": 0.7973775842424609, "scale": 0.15299264791878936}