{"room_size": 0.0, "damping": 0.9885326468241683, "width": 0.8103965744616264, "scale": 0.09558199351046158}