{"room_size": 0.0, "damping": 0.6848337019216405, "width": 0.0, "scale": 0.06924977430777964}