{"room_size": 27.155697625946463, "reverberation_time_s": 9.0, "lows_cutoff_frequency_hz": 8802.767688914717, "lows_q_factor": 0.01, "lows_gain_db_s": -80.0, "highs_cutoff_frequency_hz": 13544.190662311714, "highs_q_factor": 0.9, "highs_gain_db_s": -63.8807053607729, "fade_in_time_s": 0.0, "scale": 0.5651452576957471}