{"room_size": 30.0, "reverberation_time_s": 9.0, "lows_cutoff_frequency_hz": 20000.0, "lows_q_factor": 0.01, "lows_gain_db_s": -26.743027828649687, "highs_cutoff_frequency_hz": 18200.47251800479, "highs_q_factor": 0.11591497828245796, "highs_gain_db_s": -80.0, "fade_in_time_s": 0.0, "scale": 1.0}