{"room_size": 11.621025661240537, "reverberation_time_s": 8.768295891190416, "lows_cutoff_frequency_hz": 6390.250146384824, "lows_q_factor": 0.01, "lows_gain_db_s": -60.25549935823456, "highs_cutoff_frequency_hz": 6843.490840668281, "highs_q_factor": 0.7524545541852861, "highs_gain_db_s": -15.20600357152233, "fade_in_time_s": 0.0, "scale": 1.0}