{"room_size": 6.907391629098149, "reverberation_time_s": 0.1, "lows_cutoff_frequency_hz": 3661.1513465834637, "lows_q_factor": 0.0359077798114696, "lows_gain_db_s": -26.030795906853605, "highs_cutoff_frequency_hz": 14359.526977922866, "highs_q_factor": 0.25550263802238776, "highs_gain_db_s": -64.23867428418963, "fade_in_time_s": 7.908658112535525, "scale": 0.003298497624340051}