{"room_size": 30.0, "reverberation_time_s": 0.1, "lows_cutoff_frequency_hz": 4550.79797400998, "lows_q_factor": 0.01, "lows_gain_db_s": -80.0, "highs_cutoff_frequency_hz": 9263.871967225894, "highs_q_factor": 0.5907137014454404, "highs_gain_db_s": -23.015438613012186, "fade_in_time_s": 7.940629575430845, "scale": 0.1584373440951007}