{"room_size": 4.183403289403037, "reverberation_time_s": 6.941603087126839, "lows_cutoff_frequency_hz": 20.0, "lows_q_factor": 0.09995032021902613, "lows_gain_db_s": -41.49684287020287, "highs_cutoff_frequency_hz": 13279.276902197249, "highs_q_factor": 0.0407664916156468, "highs_gain_db_s": -80.0, "fade_in_time_s": 0.0, "scale": 0.8325039929150583}