{"room_size": 22.09870670822491, "reverberation_time_s": 9.0, "lows_cutoff_frequency_hz": 6499.915825911773, "lows_q_factor": 0.056600456492662606, "lows_gain_db_s": -57.79292709881126, "highs_cutoff_frequency_hz": 9562.189590518294, "highs_q_factor": 0.8012156769594433, "highs_gain_db_s": -74.51917670933922, "fade_in_time_s": 0.0, "scale": 1.0}