{"room_size": 0.1933057098320496, "damping": 0.7357109211125467, "width": 0.396116891084696, "scale": 0.8266139878048446}