{"room_size": 0.19740227842392366, "damping": 0.7201021166005791, "width": 0.4217145332778797, "scale": 0.7968206317251384}