{"room_size": 0.22732062447068951, "damping": 0.7185863435009306, "width": 0.9183224469178661, "scale": 0.6701779686220364}