{"loss_end_value": 2.237342869739626, "parameters": {"output_mode": "Stereo", "source_gain_db": 0, "render_line_of_sight": false, "source_x": 0.5, "source_y": 0.5, "source_z": 0.3, "listener_x": 0.8, "listener_y": 0.5, "listener_z": 0.7, "listener_pitch": 0.0, "listener_yaw": 0.0, "listener_roll": 0.0, "dimensions_x_m": 9, "dimensions_y_m": 8, "dimensions_z_m": 3, "125hz_wall_x_0": 0.033553977415886636, "250hz_wall_x_0": 0.09442963654451415, "500hz_wall_x_0": 0.2625005756926639, "1000hz_wall_x_0": 0.32863786790055866, "2000hz_wall_x_0": 0.3383996122277773, "4000hz_wall_x_0": 0.4314693999905992, "8000hz_wall_x_0": 0.4314693999905992, "16000hz_wall_x_0": 0.4314693999905992, "125hz_wall_x_1": 0.033553977415886636, "250hz_wall_x_1": 0.09442963654451415, "500hz_wall_x_1": 0.2625005756926639, "1000hz_wall_x_1": 0.32863786790055866, "2000hz_wall_x_1": 0.3383996122277773, "4000hz_wall_x_1": 0.4314693999905992, "8000hz_wall_x_1": 0.4314693999905992, "16000hz_wall_x_1": 0.4314693999905992, "125hz_wall_y_0": 0.033553977415886636, "250hz_wall_y_0": 0.09442963654451415, "500hz_wall_y_0": 0.2625005756926639, "1000hz_wall_y_0": 0.32863786790055866, "2000hz_wall_y_0": 0.3383996122277773, "4000hz_wall_y_0": 0.4314693999905992, "8000hz_wall_y_0": 0.4314693999905992, "16000hz_wall_y_0": 0.4314693999905992, "125hz_wall_y_1": 0.033553977415886636, "250hz_wall_y_1": 0.09442963654451415, "500hz_wall_y_1": 0.2625005756926639, "1000hz_wall_y_1": 0.32863786790055866, "2000hz_wall_y_1": 0.3383996122277773, "4000hz_wall_y_1": 0.4314693999905992, "8000hz_wall_y_1": 0.4314693999905992, "16000hz_wall_y_1": 0.4314693999905992, "125hz_wall_z_0": 0.033553977415886636, "250hz_wall_z_0": 0.09442963654451415, "500hz_wall_z_0": 0.2625005756926639, "1000hz_wall_z_0": 0.32863786790055866, "2000hz_wall_z_0": 0.3383996122277773, "4000hz_wall_z_0": 0.4314693999905992, "8000hz_wall_z_0": 0.4314693999905992, "16000hz_wall_z_0": 0.4314693999905992, "125hz_wall_z_1": 0.033553977415886636, "250hz_wall_z_1": 0.09442963654451415, "500hz_wall_z_1": 0.2625005756926639, "1000hz_wall_z_1": 0.32863786790055866, "2000hz_wall_z_1": 0.3383996122277773, "4000hz_wall_z_1": 0.4314693999905992, "8000hz_wall_z_1": 0.4314693999905992, "16000hz_wall_z_1": 0.4314693999905992}, "parameters_2D": [-0.30822774454341595, -0.21870258624922861]}