{"loss_end_value": 2.361120472659097, "parameters": {"output_mode": "Stereo", "source_gain_db": 0, "render_line_of_sight": false, "source_x": 0.5, "source_y": 0.5, "source_z": 0.3, "listener_x": 0.8, "listener_y": 0.5, "listener_z": 0.7, "listener_pitch": 0.0, "listener_yaw": 0.0, "listener_roll": 0.0, "dimensions_x_m": 9, "dimensions_y_m": 8, "dimensions_z_m": 3, "125hz_wall_x_0": 0.03, "250hz_wall_x_0": 0.0913877721647715, "500hz_wall_x_0": 0.24537409278409497, "1000hz_wall_x_0": 0.30814963711363796, "2000hz_wall_x_0": 0.331850362886362, "4000hz_wall_x_0": 0.43907481855681896, "8000hz_wall_x_0": 0.43907481855681896, "16000hz_wall_x_0": 0.43907481855681896, "125hz_wall_x_1": 0.03, "250hz_wall_x_1": 0.0913877721647715, "500hz_wall_x_1": 0.24537409278409497, "1000hz_wall_x_1": 0.30814963711363796, "2000hz_wall_x_1": 0.331850362886362, "4000hz_wall_x_1": 0.43907481855681896, "8000hz_wall_x_1": 0.43907481855681896, "16000hz_wall_x_1": 0.43907481855681896, "125hz_wall_y_0": 0.03, "250hz_wall_y_0": 0.0913877721647715, "500hz_wall_y_0": 0.24537409278409497, "1000hz_wall_y_0": 0.30814963711363796, "2000hz_wall_y_0": 0.331850362886362, "4000hz_wall_y_0": 0.43907481855681896, "8000hz_wall_y_0": 0.43907481855681896, "16000hz_wall_y_0": 0.43907481855681896, "125hz_wall_y_1": 0.03, "250hz_wall_y_1": 0.0913877721647715, "500hz_wall_y_1": 0.24537409278409497, "1000hz_wall_y_1": 0.30814963711363796, "2000hz_wall_y_1": 0.331850362886362, "4000hz_wall_y_1": 0.43907481855681896, "8000hz_wall_y_1": 0.43907481855681896, "16000hz_wall_y_1": 0.43907481855681896, "125hz_wall_z_0": 0.03, "250hz_wall_z_0": 0.0913877721647715, "500hz_wall_z_0": 0.24537409278409497, "1000hz_wall_z_0": 0.30814963711363796, "2000hz_wall_z_0": 0.331850362886362, "4000hz_wall_z_0": 0.43907481855681896, "8000hz_wall_z_0": 0.43907481855681896, "16000hz_wall_z_0": 0.43907481855681896, "125hz_wall_z_1": 0.03, "250hz_wall_z_1": 0.0913877721647715, "500hz_wall_z_1": 0.24537409278409497, "1000hz_wall_z_1": 0.30814963711363796, "2000hz_wall_z_1": 0.331850362886362, "4000hz_wall_z_1": 0.43907481855681896, "8000hz_wall_z_1": 0.43907481855681896, "16000hz_wall_z_1": 0.43907481855681896}}