{"loss_end_value": 2.119531192746743, "parameters": {"output_mode": "Stereo", "source_gain_db": 0, "render_line_of_sight": false, "source_x": 0.5, "source_y": 0.5, "source_z": 0.3, "listener_x": 0.8, "listener_y": 0.5, "listener_z": 0.7, "listener_pitch": 0.0, "listener_yaw": 0.0, "listener_roll": 0.0, "dimensions_x_m": 9, "dimensions_y_m": 8, "dimensions_z_m": 3, "125hz_wall_x_0": 0.0423678558841947, "250hz_wall_x_0": 0.09967532616926858, "500hz_wall_x_0": 0.259946142349144, "1000hz_wall_x_0": 0.3351225920253543, "2000hz_wall_x_0": 0.35614000866439716, "4000hz_wall_x_0": 0.4465185401459846, "8000hz_wall_x_0": 0.4465185401459846, "16000hz_wall_x_0": 0.4465185401459846, "125hz_wall_x_1": 0.0423678558841947, "250hz_wall_x_1": 0.09967532616926858, "500hz_wall_x_1": 0.259946142349144, "1000hz_wall_x_1": 0.3351225920253543, "2000hz_wall_x_1": 0.35614000866439716, "4000hz_wall_x_1": 0.4465185401459846, "8000hz_wall_x_1": 0.4465185401459846, "16000hz_wall_x_1": 0.4465185401459846, "125hz_wall_y_0": 0.0423678558841947, "250hz_wall_y_0": 0.09967532616926858, "500hz_wall_y_0": 0.259946142349144, "1000hz_wall_y_0": 0.3351225920253543, "2000hz_wall_y_0": 0.35614000866439716, "4000hz_wall_y_0": 0.4465185401459846, "8000hz_wall_y_0": 0.4465185401459846, "16000hz_wall_y_0": 0.4465185401459846, "125hz_wall_y_1": 0.0423678558841947, "250hz_wall_y_1": 0.09967532616926858, "500hz_wall_y_1": 0.259946142349144, "1000hz_wall_y_1": 0.3351225920253543, "2000hz_wall_y_1": 0.35614000866439716, "4000hz_wall_y_1": 0.4465185401459846, "8000hz_wall_y_1": 0.4465185401459846, "16000hz_wall_y_1": 0.4465185401459846, "125hz_wall_z_0": 0.0423678558841947, "250hz_wall_z_0": 0.09967532616926858, "500hz_wall_z_0": 0.259946142349144, "1000hz_wall_z_0": 0.3351225920253543, "2000hz_wall_z_0": 0.35614000866439716, "4000hz_wall_z_0": 0.4465185401459846, "8000hz_wall_z_0": 0.4465185401459846, "16000hz_wall_z_0": 0.4465185401459846, "125hz_wall_z_1": 0.0423678558841947, "250hz_wall_z_1": 0.09967532616926858, "500hz_wall_z_1": 0.259946142349144, "1000hz_wall_z_1": 0.3351225920253543, "2000hz_wall_z_1": 0.35614000866439716, "4000hz_wall_z_1": 0.4465185401459846, "8000hz_wall_z_1": 0.4465185401459846, "16000hz_wall_z_1": 0.4465185401459846}}