{"room_size": 0.0, "damping": 0.5290991945531647, "width": 0.0, "scale": 0.09045613083647192}