{"room_size": 0.01663908514045129, "damping": 0.10394610115109074, "width": 0.11020385612245827, "scale": 0.0422565094965547}