{"room_size": 0.0, "damping": 0.6235256196453682, "width": 0.0, "scale": 0.09756774318843396}