{"room_size": 0.11116258591996458, "damping": 1.0, "width": 0.8996231644979386, "scale": 0.13664727996705733}