{"room_size": 0.01362188798638058, "damping": 0.33091698312690077, "width": 0.024554407475467933, "scale": 0.0741827204612298}