{"room_size": 0.0, "damping": 0.34728076937767804, "width": 0.0, "scale": 0.05386098346816162}