{"room_size": 0.0, "damping": 0.4213148690312281, "width": 0.0, "scale": 0.07242175039860449}