{"room_size": 0.0, "damping": 0.592117875305021, "width": 0.3451937851314662, "scale": 0.06663109773527502}