{"room_size": 0.0, "damping": 1.0, "width": 0.6922373504507136, "scale": 0.1540546726494897}