{"room_size": 0.009571800434709017, "damping": 0.5024954879766311, "width": 0.0, "scale": 0.09472878887170842}