{"room_size": 0.0, "damping": 0.42205298389855717, "width": 0.09610211630288015, "scale": 0.09893627230328511}