{"room_size": 20.584389255689153, "reverberation_time_s": 3.4789748012027695, "lows_cutoff_frequency_hz": 7584.409985635719, "lows_q_factor": 0.7231061538346825, "lows_gain_db_s": -80.0, "highs_cutoff_frequency_hz": 20.0, "highs_q_factor": 0.26689771112082805, "highs_gain_db_s": -69.25327791433816, "fade_in_time_s": 1.0017485279152472, "scale": 0.0}