{"room_size": 30.0, "reverberation_time_s": 2.764694963170643, "lows_cutoff_frequency_hz": 14840.515211885137, "lows_q_factor": 0.09414999020448282, "lows_gain_db_s": -62.686629860581306, "highs_cutoff_frequency_hz": 14069.49610060159, "highs_q_factor": 0.5512755777314997, "highs_gain_db_s": -72.02265268028012, "fade_in_time_s": 0.0, "scale": 0.38760916760151226}