{"room_size": 12.034970194483419, "reverberation_time_s": 7.4802869839734, "lows_cutoff_frequency_hz": 13671.11415226381, "lows_q_factor": 0.8768303340174814, "lows_gain_db_s": -80.0, "highs_cutoff_frequency_hz": 9930.464129533955, "highs_q_factor": 0.5330530796526703, "highs_gain_db_s": -39.05928216674326, "fade_in_time_s": 5.469086752754073, "scale": 5.658788963444965e-05}