{"source_x": 0.7268937894531943, "source_y": 0.13004652456248406, "source_z": 0.9738667195900529, "listener_x": 0.5561380503695836, "listener_y": 0.28641982913976594, "listener_z": 0.2888149452227822, "listener_pitch": 311.54902984127114, "listener_yaw": 277.14075863098446, "listener_roll": 326.7655903917867, "dimensions_x": 13.643124335674687, "dimensions_y": 20.317370496874897, "dimensions_z": 1.7886883390720265, "125hz_wall_x_0": 0.6663778805913774, "250hz_wall_x_0": 0.14678827653435736, "500hz_wall_x_0": 0.04952748743149672, "1000hz_wall_x_0": 0.3994859301331404, "2000hz_wall_x_0": 0.09223985198879224, "4000hz_wall_x_0": 0.7788608146783806, "8000hz_wall_x_0": 0.9674144936410379, "16000hz_wall_x_0": 0.2866707208340804, "125hz_wall_x_1": 0.796704613942047, "250hz_wall_x_1": 0.45854009258508877, "500hz_wall_x_1": 0.41120241176069827, "1000hz_wall_x_1": 0.386460524614111, "2000hz_wall_x_1": 0.22109354727177785, "4000hz_wall_x_1": 0.7802023386862932, "8000hz_wall_x_1": 0.20257178747319235, "16000hz_wall_x_1": 0.7495518770632686, "125hz_wall_y_0": 0.8459289459280696, "250hz_wall_y_0": 0.721737035785258, "500hz_wall_y_0": 0.3779552289945984, "1000hz_wall_y_0": 0.3956157243630162, "2000hz_wall_y_0": 0.2995362235515156, "4000hz_wall_y_0": 0.9214527752385032, "8000hz_wall_y_0": 0.4420981519255333, "16000hz_wall_y_0": 0.5468415328813954, "125hz_wall_y_1": 0.9348442792677916, "250hz_wall_y_1": 0.7361684040689787, "500hz_wall_y_1": 0.3861612971544696, "1000hz_wall_y_1": 0.10444189418053026, "2000hz_wall_y_1": 0.019711178876760077, "4000hz_wall_y_1": 0.46257483656493303, "8000hz_wall_y_1": 0.8420875078444289, "16000hz_wall_y_1": 1.0, "125hz_wall_z_0": 0.8250676972141612, "250hz_wall_z_0": 0.4745592319135771, "500hz_wall_z_0": 0.03795228706584845, "1000hz_wall_z_0": 0.2751995486941334, "2000hz_wall_z_0": 0.4851391513139632, "4000hz_wall_z_0": 0.4335693909756938, "8000hz_wall_z_0": 0.1644578393322657, "16000hz_wall_z_0": 0.981604052921757, "125hz_wall_z_1": 0.250035177862494, "250hz_wall_z_1": 0.3214810797449731, "500hz_wall_z_1": 0.8508183093305207, "1000hz_wall_z_1": 0.029779074147918354, "2000hz_wall_z_1": 0.11927621238514194, "4000hz_wall_z_1": 0.33560119487564305, "8000hz_wall_z_1": 0.1852989281970744, "16000hz_wall_z_1": 0.7314219858251733}