{"room_size": 7.97008082280822, "reverberation_time_s": 8.053644528284675, "lows_cutoff_frequency_hz": 18917.925445895253, "lows_q_factor": 0.9, "lows_gain_db_s": -80.0, "highs_cutoff_frequency_hz": 20.0, "highs_q_factor": 0.9, "highs_gain_db_s": -80.0, "fade_in_time_s": 0.0, "scale": 0.3911958365385835}