{"room_size": 19.472617686149846, "reverberation_time_s": 0.3675270340386405, "lows_cutoff_frequency_hz": 343.2070771808599, "lows_q_factor": 0.5412019538259836, "lows_gain_db_s": -23.713387520187, "highs_cutoff_frequency_hz": 14519.412135286997, "highs_q_factor": 0.19487934898568454, "highs_gain_db_s": -6.198653586282276, "fade_in_time_s": 0.0, "scale": 0.6363400316013049}