{"room_size": 1.0, "reverberation_time_s": 1.4463476360989964, "lows_cutoff_frequency_hz": 20000.0, "lows_q_factor": 0.9, "lows_gain_db_s": -65.2775951468428, "highs_cutoff_frequency_hz": 18790.16791215382, "highs_q_factor": 0.7173673931724883, "highs_gain_db_s": -80.0, "fade_in_time_s": 0.0, "scale": 0.25748976447993693}