{"room_size": 7.552969785096496, "reverberation_time_s": 9.0, "lows_cutoff_frequency_hz": 20000.0, "lows_q_factor": 0.9, "lows_gain_db_s": -39.90745120690483, "highs_cutoff_frequency_hz": 20.0, "highs_q_factor": 0.6512901496587681, "highs_gain_db_s": -44.56383008492205, "fade_in_time_s": 0.0, "scale": 0.37870166272711264}