{"room_size": 7.845742995976615, "reverberation_time_s": 3.1294775744935914, "lows_cutoff_frequency_hz": 2810.294710239754, "lows_q_factor": 0.026417882796250854, "lows_gain_db_s": -78.70675612681676, "highs_cutoff_frequency_hz": 20.0, "highs_q_factor": 0.7943165830403738, "highs_gain_db_s": -80.0, "fade_in_time_s": 0.0, "scale": 0.12467040839297164}