{"room_size": 5.276284783842199, "reverberation_time_s": 2.4645116716822018, "lows_cutoff_frequency_hz": 11483.379770955558, "lows_q_factor": 0.3506370630170598, "lows_gain_db_s": -76.32218853625109, "highs_cutoff_frequency_hz": 20000.0, "highs_q_factor": 0.11371093516672029, "highs_gain_db_s": -67.51009650701002, "fade_in_time_s": 0.0, "scale": 0.2751747919741353}