{"room_size": 17.126170128232417, "reverberation_time_s": 0.3710666936336029, "lows_cutoff_frequency_hz": 17267.913162864013, "lows_q_factor": 0.02643904087882705, "lows_gain_db_s": -47.14047828224801, "highs_cutoff_frequency_hz": 13908.952494884441, "highs_q_factor": 0.6823164175958107, "highs_gain_db_s": -70.23467350792143, "fade_in_time_s": 0.0, "scale": 0.7714497050406984}