{"room_size": 8.568697909216983, "reverberation_time_s": 1.1057127111238678, "lows_cutoff_frequency_hz": 20000.0, "lows_q_factor": 0.456797099491153, "lows_gain_db_s": -80.0, "highs_cutoff_frequency_hz": 9201.015331228442, "highs_q_factor": 0.7884406240099826, "highs_gain_db_s": -16.757381940967477, "fade_in_time_s": 0.0, "scale": 0.25786279639416243}