{"room_size": 20.847449763408278, "reverberation_time_s": 0.8205962056547275, "lows_cutoff_frequency_hz": 3132.6610769785443, "lows_q_factor": 0.01, "lows_gain_db_s": -80.0, "highs_cutoff_frequency_hz": 12375.199365336304, "highs_q_factor": 0.01, "highs_gain_db_s": -40.86603861721497, "fade_in_time_s": 0.0, "scale": 0.5877355883457817}