{"room_size": 14.348350176746258, "reverberation_time_s": 1.802109289719432, "lows_cutoff_frequency_hz": 20000.0, "lows_q_factor": 0.20044347679423127, "lows_gain_db_s": -63.612963604547225, "highs_cutoff_frequency_hz": 5686.654395035449, "highs_q_factor": 0.8148843520243887, "highs_gain_db_s": -77.80586169040797, "fade_in_time_s": 0.0, "scale": 0.29669899829144075}