{"room_size": 6.281511952908883e-05, "damping": 0.0, "width": 0.0, "scale": 0.00757442991907829}