{"room_size": 0.01851702654500478, "damping": 0.0, "width": 1.0, "scale": 0.01197951112192825}