{"room_size": 0.6077673438539889, "damping": 1.0, "width": 0.925021105911149, "scale": 0.1116125649011858}