{"room_size": 0.575110806031534, "damping": 0.8453085797440543, "width": 0.0, "scale": 0.12489584866676476}