{"room_size": 0.589154975227096, "damping": 1.0, "width": 1.0, "scale": 0.08718162451649172}