{"room_size": 0.5389462278764372, "damping": 0.8743962811728149, "width": 0.8470975107642913, "scale": 0.06588157444539179}