{"room_size": 0.4519180426924205, "damping": 0.6519417698577371, "width": 0.2210998576670216, "scale": 0.05602898112428851}