{"room_size": 0.5824954223793605, "damping": 1.0, "width": 1.0, "scale": 0.055307619980387655}