{"room_size": 0.0, "damping": 0.4852292802395112, "width": 0.0028082177503201216, "scale": 0.10930372626656681}