{"room_size": 0.0, "damping": 0.9280464995505112, "width": 0.0, "scale": 0.27155212048428146}