{"room_size": 1.7261858707163698e-18, "damping": 0.5270616857614521, "width": 0.0, "scale": 0.10962482974672746}