{"room_size": 0.04253420983468905, "damping": 0.0, "width": 0.21096297414050735, "scale": 0.03819728584258792}