{"room_size": 0.0, "damping": 0.34888128378947236, "width": 1.0, "scale": 0.057989821973282306}