{"room_size": 0.007786743845755383, "damping": 0.2711736949029837, "width": 0.7299768198773656, "scale": 0.04448620449567122}