{"room_size": 0.8403680001444052, "damping": 0.8621601525941969, "width": 0.6982716170564055, "scale": 0.009615333760086432}