{"room_size": 27.359938753723785, "reverberation_time_s": 8.857451603101419, "lows_cutoff_frequency_hz": 19517.041978598303, "lows_q_factor": 0.01, "lows_gain_db_s": -57.3252830052087, "highs_cutoff_frequency_hz": 13962.156597830743, "highs_q_factor": 0.5936525712004036, "highs_gain_db_s": -71.33294843150662, "fade_in_time_s": 0.0, "scale": 0.8983392971778347}