{"room_size": 2.469493273352978, "reverberation_time_s": 2.6573716559215566, "lows_cutoff_frequency_hz": 19682.644434479087, "lows_q_factor": 0.01, "lows_gain_db_s": -80.0, "highs_cutoff_frequency_hz": 9649.751703520697, "highs_q_factor": 0.6464869012444964, "highs_gain_db_s": -80.0, "fade_in_time_s": 0.8042459472745981, "scale": 0.10220359331249276}