{"room_size": 1.0, "reverberation_time_s": 5.8628174762192495, "lows_cutoff_frequency_hz": 12585.782080778956, "lows_q_factor": 0.05134584400931512, "lows_gain_db_s": -74.0931074153342, "highs_cutoff_frequency_hz": 17461.645433697675, "highs_q_factor": 0.44488285891415996, "highs_gain_db_s": -80.0, "fade_in_time_s": 0.0, "scale": 0.21337799198239632}