{"room_size": 10.18064761708769, "reverberation_time_s": 3.9992264560419564, "lows_cutoff_frequency_hz": 10833.992497621046, "lows_q_factor": 0.09683560119187062, "lows_gain_db_s": -39.1425825125947, "highs_cutoff_frequency_hz": 8816.781701228787, "highs_q_factor": 0.6912635257036623, "highs_gain_db_s": -32.83406197662582, "fade_in_time_s": 0.0, "scale": 0.8090533989317609}