{"room_size": 12.150688146505939, "reverberation_time_s": 2.4694850019051335, "lows_cutoff_frequency_hz": 8863.905025383045, "lows_q_factor": 0.07688454860354915, "lows_gain_db_s": -80.0, "highs_cutoff_frequency_hz": 8561.367570745162, "highs_q_factor": 0.9, "highs_gain_db_s": -48.73660129090933, "fade_in_time_s": 0.0, "scale": 1.0}