{"room_size": 17.324967623488323, "reverberation_time_s": 2.9862181176062115, "lows_cutoff_frequency_hz": 11465.65686119549, "lows_q_factor": 0.07555349893152251, "lows_gain_db_s": -59.5506459662661, "highs_cutoff_frequency_hz": 7898.18564620714, "highs_q_factor": 0.7262908930515936, "highs_gain_db_s": -57.92297383050835, "fade_in_time_s": 1.098947819678561, "scale": 0.4615155647707409}