{"room_size": 17.440053406177125, "reverberation_time_s": 0.1, "lows_cutoff_frequency_hz": 7337.106040584891, "lows_q_factor": 0.01, "lows_gain_db_s": -80.0, "highs_cutoff_frequency_hz": 12115.7565941133, "highs_q_factor": 0.6195313552691393, "highs_gain_db_s": -80.0, "fade_in_time_s": 8.06922383109456, "scale": 0.27057735054882415}