{"room_size": 30.0, "reverberation_time_s": 4.663376414429062, "lows_cutoff_frequency_hz": 666.9783430278859, "lows_q_factor": 0.860642510666827, "lows_gain_db_s": -17.878621562293425, "highs_cutoff_frequency_hz": 11306.027535557634, "highs_q_factor": 0.01, "highs_gain_db_s": -37.48896366570316, "fade_in_time_s": 0.00021712732202252102, "scale": 0.3491717059214791}