{"room_size": 1.0, "reverberation_time_s": 4.262778992915333, "lows_cutoff_frequency_hz": 7789.923930411399, "lows_q_factor": 0.10222263454544919, "lows_gain_db_s": -48.00115653094956, "highs_cutoff_frequency_hz": 9731.051129610823, "highs_q_factor": 0.9, "highs_gain_db_s": -57.56547810672629, "fade_in_time_s": 0.0, "scale": 0.37451732354509626}