{"room_size": 1.0, "reverberation_time_s": 6.5323474208452454, "lows_cutoff_frequency_hz": 12419.672897213259, "lows_q_factor": 0.01, "lows_gain_db_s": -40.7259816922285, "highs_cutoff_frequency_hz": 11403.703080022158, "highs_q_factor": 0.46172371846868576, "highs_gain_db_s": -79.80128203526527, "fade_in_time_s": 0.0, "scale": 0.4243952986828919}