{"room_size": 3.1104004348798937, "reverberation_time_s": 5.314775625193079, "lows_cutoff_frequency_hz": 20000.0, "lows_q_factor": 0.01, "lows_gain_db_s": -45.9837593614958, "highs_cutoff_frequency_hz": 5458.935485306671, "highs_q_factor": 0.9, "highs_gain_db_s": -13.39861795230965, "fade_in_time_s": 0.0, "scale": 0.36903234606208085}