{"room_size": 30.0, "reverberation_time_s": 0.1, "lows_cutoff_frequency_hz": 18152.362550956277, "lows_q_factor": 0.9, "lows_gain_db_s": -34.84275028602982, "highs_cutoff_frequency_hz": 8575.78679132201, "highs_q_factor": 0.5354951114266787, "highs_gain_db_s": -80.0, "fade_in_time_s": 8.910909697678683, "scale": 0.014747649282290512}