{"room_size": 0.0, "damping": 0.5893455603931695, "width": 0.0, "scale": 0.1113636927083147}