{"room_size": 0.0, "damping": 0.401858046023663, "width": 0.0, "scale": 0.06562833643926343}