{"room_size": 0.39070782128891945, "damping": 0.0, "wet_level": 0.16709266790186963, "dry_level": 0.8893846899576933, "width": 0.05092532314871796}