{"room_size": 0.4551338186961894, "damping": 0.0, "wet_level": 0.17256891388635434, "dry_level": 1.0, "width": 0.3238380970657887}