{"room_size": 0.5252737349775856, "damping": 0.5200773411369781, "wet_level": 0.3073963968597198, "dry_level": 0.8639022055429884, "width": 0.35253557846431705}