{"source_x": 0.6575375358247723, "source_y": 0.7792754398578562, "source_z": 0.19282614025925746, "listener_x": 0.7440103697380664, "listener_y": 0.8625825087674661, "listener_z": 0.8477120978050047, "listener_pitch": 132.11913038727917, "listener_yaw": 235.0521456369938, "listener_roll": 192.64601891971512, "dimensions_x": 25.623504507578208, "dimensions_y": 23.39191658463146, "dimensions_z": 1.0, "125hz_wall_x_0": 0.7693332646346664, "250hz_wall_x_0": 0.4481077394405164, "500hz_wall_x_0": 0.042319880783273256, "1000hz_wall_x_0": 0.35687817309464925, "2000hz_wall_x_0": 0.6238828757983346, "4000hz_wall_x_0": 0.886996901806985, "8000hz_wall_x_0": 0.33429830309145325, "16000hz_wall_x_0": 0.8359492562945137, "125hz_wall_x_1": 0.6108957471242266, "250hz_wall_x_1": 0.3314542004000845, "500hz_wall_x_1": 0.3169880488458975, "1000hz_wall_x_1": 0.14289539821018463, "2000hz_wall_x_1": 0.37831788252542653, "4000hz_wall_x_1": 0.8847242627005485, "8000hz_wall_x_1": 0.9215733453358564, "16000hz_wall_x_1": 0.8029727209814661, "125hz_wall_y_0": 0.0, "250hz_wall_y_0": 0.386708585971399, "500hz_wall_y_0": 0.5051849199518118, "1000hz_wall_y_0": 0.4271891947273787, "2000hz_wall_y_0": 0.39836103690628044, "4000hz_wall_y_0": 0.8727696337919543, "8000hz_wall_y_0": 0.8033447100260779, "16000hz_wall_y_0": 0.6619464882737437, "125hz_wall_y_1": 0.3097239596628635, "250hz_wall_y_1": 0.707797759966446, "500hz_wall_y_1": 0.7874455184317277, "1000hz_wall_y_1": 0.5821645783838445, "2000hz_wall_y_1": 0.1254253635734921, "4000hz_wall_y_1": 0.4021666394173163, "8000hz_wall_y_1": 0.6521110925102304, "16000hz_wall_y_1": 0.1704152481026505, "125hz_wall_z_0": 0.7569645930972421, "250hz_wall_z_0": 0.0, "500hz_wall_z_0": 0.554628079589942, "1000hz_wall_z_0": 0.7638667975434994, "2000hz_wall_z_0": 0.6792313595253945, "4000hz_wall_z_0": 0.7193891201658166, "8000hz_wall_z_0": 0.8194802231988784, "16000hz_wall_z_0": 0.9963597402619156, "125hz_wall_z_1": 0.7363053878310362, "250hz_wall_z_1": 0.6056522434823652, "500hz_wall_z_1": 0.8511284958385482, "1000hz_wall_z_1": 0.1553917280063087, "2000hz_wall_z_1": 0.23899982034151693, "4000hz_wall_z_1": 0.5687737953638791, "8000hz_wall_z_1": 0.8500812256887469, "16000hz_wall_z_1": 0.3598855749856397}