{"room_size": 13.583776175152325, "reverberation_time_s": 9.0, "lows_cutoff_frequency_hz": 7130.859650082532, "lows_q_factor": 0.05089153528187474, "lows_gain_db_s": -44.01978984364922, "highs_cutoff_frequency_hz": 11149.766760095377, "highs_q_factor": 0.8209037289606119, "highs_gain_db_s": -79.96244456319722, "fade_in_time_s": 0.0, "scale": 0.6411293660378201}