{"room_size": 1.289337804030501, "reverberation_time_s": 8.045892548520099, "lows_cutoff_frequency_hz": 2046.942415353961, "lows_q_factor": 0.01, "lows_gain_db_s": -80.0, "highs_cutoff_frequency_hz": 10273.102515861034, "highs_q_factor": 0.6193720298719506, "highs_gain_db_s": -67.13824272644766, "fade_in_time_s": 0.0, "scale": 0.42578163289908255}