{"room_size": 30.0, "reverberation_time_s": 9.0, "lows_cutoff_frequency_hz": 3234.198745942574, "lows_q_factor": 0.06220229298462656, "lows_gain_db_s": -80.0, "highs_cutoff_frequency_hz": 10103.20561997826, "highs_q_factor": 0.8687991873339654, "highs_gain_db_s": -62.073873628200175, "fade_in_time_s": 0.0, "scale": 0.9063542701355441}