{"room_size": 1.1136641842361286, "reverberation_time_s": 3.990169039185832, "lows_cutoff_frequency_hz": 15995.44193641206, "lows_q_factor": 0.01, "lows_gain_db_s": -80.0, "highs_cutoff_frequency_hz": 16499.06726270683, "highs_q_factor": 0.01, "highs_gain_db_s": 4.0, "fade_in_time_s": 0.00479299645992912, "scale": 0.5098373610694906}