{"room_size": 4.962183262864948, "reverberation_time_s": 1.9129093925533829, "lows_cutoff_frequency_hz": 8863.276504313844, "lows_q_factor": 0.01, "lows_gain_db_s": 1.0581358831332324, "highs_cutoff_frequency_hz": 10437.076050029245, "highs_q_factor": 0.2878981399080548, "highs_gain_db_s": -70.18034056725125, "fade_in_time_s": 1.0086168778151776, "scale": 0.4168181604804016}