{"room_size": 3.7495193375999625, "reverberation_time_s": 3.7203086456118513, "lows_cutoff_frequency_hz": 1882.2035412371463, "lows_q_factor": 0.01, "lows_gain_db_s": -49.39227348351295, "highs_cutoff_frequency_hz": 9975.586188916284, "highs_q_factor": 0.44039973265051136, "highs_gain_db_s": -78.0538256846262, "fade_in_time_s": 1.0044998976665367, "scale": 1.0}