{"room_size": 5.920104806898935, "reverberation_time_s": 1.999941925608556, "lows_cutoff_frequency_hz": 11033.775910914466, "lows_q_factor": 0.6072881165919496, "lows_gain_db_s": 6.0, "highs_cutoff_frequency_hz": 7181.523843099301, "highs_q_factor": 0.23291536075061017, "highs_gain_db_s": -62.645116342034, "fade_in_time_s": 0.0662520928143522, "scale": 0.5524160089081448}