{"room_size": 21.552585865682694, "reverberation_time_s": 7.991609930088656, "lows_cutoff_frequency_hz": 14374.963994441538, "lows_q_factor": 0.8203181783498591, "lows_gain_db_s": -29.026365299477078, "highs_cutoff_frequency_hz": 12354.092166399781, "highs_q_factor": 0.605408121775286, "highs_gain_db_s": -80.0, "fade_in_time_s": 0.0, "scale": 0.6757777890327814}