{"room_size": 8.683746581997463, "reverberation_time_s": 2.129070585500011, "lows_cutoff_frequency_hz": 9407.234730993327, "lows_q_factor": 0.037187706626825266, "lows_gain_db_s": -16.831339595024957, "highs_cutoff_frequency_hz": 18886.3534875147, "highs_q_factor": 0.7524383676233318, "highs_gain_db_s": -49.729062954756316, "fade_in_time_s": 0.0, "scale": 0.38445650674328863}