{"room_size": 1.0, "reverberation_time_s": 4.745006337824758, "lows_cutoff_frequency_hz": 1447.5595724354705, "lows_q_factor": 0.06970806856417361, "lows_gain_db_s": -76.63797918233364, "highs_cutoff_frequency_hz": 13313.81379964025, "highs_q_factor": 0.4920599963679452, "highs_gain_db_s": -78.051647857217, "fade_in_time_s": 0.0, "scale": 0.1424593724874431}