{"room_size": 1.6249088102824591, "reverberation_time_s": 6.853287184288701, "lows_cutoff_frequency_hz": 20000.0, "lows_q_factor": 0.01, "lows_gain_db_s": -60.29167865597577, "highs_cutoff_frequency_hz": 18297.706435413445, "highs_q_factor": 0.23640512764929658, "highs_gain_db_s": -58.86844940828922, "fade_in_time_s": 0.0, "scale": 0.25566676885535805}