{"room_size": 3.281367299241732, "reverberation_time_s": 4.196117947381489, "lows_cutoff_frequency_hz": 11455.767787696725, "lows_q_factor": 0.01, "lows_gain_db_s": -44.941554815941714, "highs_cutoff_frequency_hz": 8864.063676950665, "highs_q_factor": 0.7688888690256706, "highs_gain_db_s": -56.056932607684864, "fade_in_time_s": 0.0, "scale": 0.6154647592369586}