{"room_size": 1.262953474730992, "reverberation_time_s": 5.553982055713133, "lows_cutoff_frequency_hz": 15175.523399961867, "lows_q_factor": 0.01, "lows_gain_db_s": -80.0, "highs_cutoff_frequency_hz": 8877.550325391065, "highs_q_factor": 0.8667266685223036, "highs_gain_db_s": -62.26496501689126, "fade_in_time_s": 0.0, "scale": 0.726056885628489}