{"room_size": 23.251414167538368, "reverberation_time_s": 6.844302898318755, "lows_cutoff_frequency_hz": 3520.617320772663, "lows_q_factor": 0.052864185002242145, "lows_gain_db_s": -41.14839817466132, "highs_cutoff_frequency_hz": 6160.294305938022, "highs_q_factor": 0.8842833290701491, "highs_gain_db_s": -52.31511174331986, "fade_in_time_s": 0.03758529272459218, "scale": 0.19113448433930702}