{"room_size": 18.42573638919108, "reverberation_time_s": 5.555029521648307, "lows_cutoff_frequency_hz": 5576.300940682029, "lows_q_factor": 0.01, "lows_gain_db_s": -43.90127630300744, "highs_cutoff_frequency_hz": 8324.908678161124, "highs_q_factor": 0.5798108889026199, "highs_gain_db_s": -61.697049614819676, "fade_in_time_s": 0.0, "scale": 0.755344312532116}