{"room_size": 0.0, "damping": 0.2867106306189797, "width": 0.0, "scale": 0.06149570600360091}