{"room_size": 0.0, "damping": 0.35232737145367016, "width": 0.0, "scale": 0.07095753474589395}