{"room_size": 0.0, "damping": 0.40378745592393955, "width": 0.0, "scale": 0.08545706888705495}