{"room_size": 0.0, "damping": 0.4114772823859058, "width": 0.0, "scale": 0.10098879894114184}