{"room_size": 0.09332086028599451, "damping": 1.0, "width": 0.47556074833120293, "scale": 0.3949823714493766}