{"room_size": 0.3517124692755791, "damping": 1.0, "width": 0.0, "scale": 0.00021387384612837478}