{"room_size": 0.31558168695877664, "damping": 0.9114458230104658, "width": 0.0, "scale": 0.0014400504335123992}