{"room_size": 0.0, "damping": 0.3402516681480147, "width": 0.0, "scale": 0.0774498503754482}