{"room_size": 0.0, "damping": 0.9099407002673027, "width": 1.0, "scale": 0.11315761163255428}