{"room_size": 0.0, "damping": 0.4458986441797764, "width": 0.7545194676527927, "scale": 0.07400036964533928}