{"room_size": 0.06218253198495427, "damping": 1.0, "width": 0.0, "scale": 0.4168722691538272}