{"room_size": 0.08370915039003718, "damping": 1.0, "width": 0.0, "scale": 0.2617917818705679}