{"room_size": 1.0, "reverberation_time_s": 8.729876743940887, "lows_cutoff_frequency_hz": 18293.117729774178, "lows_q_factor": 0.6680136544660283, "lows_gain_db_s": -79.17083858050188, "highs_cutoff_frequency_hz": 18276.41703734246, "highs_q_factor": 0.27692608105057054, "highs_gain_db_s": -39.83286892415152, "fade_in_time_s": 0.0, "scale": 0.5180566546484267}