{"room_size": 12.346170297414435, "reverberation_time_s": 0.1, "lows_cutoff_frequency_hz": 13373.598888420644, "lows_q_factor": 0.2572123573413079, "lows_gain_db_s": -80.0, "highs_cutoff_frequency_hz": 19997.214887120335, "highs_q_factor": 0.7295225497927526, "highs_gain_db_s": 3.1590399052152804, "fade_in_time_s": 3.1814387950648024, "scale": 0.0}