{"room_size": 16.399568177282354, "reverberation_time_s": 5.777589947914253, "lows_cutoff_frequency_hz": 14673.1559486014, "lows_q_factor": 0.9, "lows_gain_db_s": -54.623698945686854, "highs_cutoff_frequency_hz": 5046.16452291294, "highs_q_factor": 0.36506758576409953, "highs_gain_db_s": -80.0, "fade_in_time_s": 0.0, "scale": 0.2738473901708764}