{"room_size": 5.592399110608617, "reverberation_time_s": 0.1, "lows_cutoff_frequency_hz": 19664.693977679188, "lows_q_factor": 0.4110075096484842, "lows_gain_db_s": -62.94551254023658, "highs_cutoff_frequency_hz": 8191.683684581015, "highs_q_factor": 0.06574155802173176, "highs_gain_db_s": -54.72683944043769, "fade_in_time_s": 7.8422097398104205, "scale": 0.011080462168899052}