{"room_size": 8.566710317667647, "reverberation_time_s": 3.7523931109593405, "lows_cutoff_frequency_hz": 12653.47263867995, "lows_q_factor": 0.8790407124461779, "lows_gain_db_s": -69.33778023801302, "highs_cutoff_frequency_hz": 6258.25985112587, "highs_q_factor": 0.7725776609811701, "highs_gain_db_s": -69.3147855050625, "fade_in_time_s": 0.0, "scale": 0.2352387972596027}