{"room_size": 1.7499930206109275, "reverberation_time_s": 1.9418255724887388, "lows_cutoff_frequency_hz": 5711.423905777739, "lows_q_factor": 0.01, "lows_gain_db_s": -80.0, "highs_cutoff_frequency_hz": 2676.2408186973084, "highs_q_factor": 0.9, "highs_gain_db_s": -80.0, "fade_in_time_s": 2.181759374894718, "scale": 1.0}