{"room_size": 5.799841252847474, "reverberation_time_s": 1.2321675956518967, "lows_cutoff_frequency_hz": 14875.655447670159, "lows_q_factor": 0.8462470548202323, "lows_gain_db_s": -7.849508346066614, "highs_cutoff_frequency_hz": 8950.757755637878, "highs_q_factor": 0.48454989871713233, "highs_gain_db_s": -80.0, "fade_in_time_s": 0.6550855028596866, "scale": 0.8689702065654792}