{"room_size": 1.0, "reverberation_time_s": 9.0, "lows_cutoff_frequency_hz": 18229.869076915602, "lows_q_factor": 0.5491119611689783, "lows_gain_db_s": -47.11578435284952, "highs_cutoff_frequency_hz": 1784.6112548021463, "highs_q_factor": 0.7288920008673738, "highs_gain_db_s": -75.51594657443133, "fade_in_time_s": 2.2033192083369157, "scale": 1.0}