{"room_size": 4.433933303901699, "reverberation_time_s": 1.5891305325543021, "lows_cutoff_frequency_hz": 20000.0, "lows_q_factor": 0.7502813455042769, "lows_gain_db_s": -23.08531562882257, "highs_cutoff_frequency_hz": 20.0, "highs_q_factor": 0.01, "highs_gain_db_s": -74.94270572734047, "fade_in_time_s": 9.0, "scale": 0.8547690730404168}