{"room_size": 1.8942546401142195, "reverberation_time_s": 1.851397403677528, "lows_cutoff_frequency_hz": 11768.43093931508, "lows_q_factor": 0.02320857831853216, "lows_gain_db_s": -38.70149697921558, "highs_cutoff_frequency_hz": 6690.408699162848, "highs_q_factor": 0.6661446877815763, "highs_gain_db_s": -64.81479036086267, "fade_in_time_s": 0.3941126722993979, "scale": 0.9410460044285698}