{"room_size": 1.0, "reverberation_time_s": 4.395487456584791, "lows_cutoff_frequency_hz": 12142.405364172206, "lows_q_factor": 0.01, "lows_gain_db_s": -77.34301115844407, "highs_cutoff_frequency_hz": 5948.507304893967, "highs_q_factor": 0.4077691760336029, "highs_gain_db_s": -69.03030269995246, "fade_in_time_s": 0.9851970346162882, "scale": 0.8976921271853998}