{"room_size": 7.582572193581563, "reverberation_time_s": 0.1, "lows_cutoff_frequency_hz": 16481.484322025633, "lows_q_factor": 0.2007171304915786, "lows_gain_db_s": -56.27629129135734, "highs_cutoff_frequency_hz": 19998.306849486708, "highs_q_factor": 0.01, "highs_gain_db_s": 4.0, "fade_in_time_s": 0.0, "scale": 0.07764213197891802}