{"room_size": 7.460647137908538, "reverberation_time_s": 8.983599173446782, "lows_cutoff_frequency_hz": 16759.18646844199, "lows_q_factor": 0.6815320216527966, "lows_gain_db_s": -48.3211891483066, "highs_cutoff_frequency_hz": 14105.833748547853, "highs_q_factor": 0.807569579792827, "highs_gain_db_s": -13.035711551730515, "fade_in_time_s": 0.0, "scale": 0.25025648049668364}