{"room_size": 25.881861927982282, "reverberation_time_s": 0.9985906669385569, "lows_cutoff_frequency_hz": 9880.326506569134, "lows_q_factor": 0.833650071133339, "lows_gain_db_s": -31.53637891564037, "highs_cutoff_frequency_hz": 6211.213083933575, "highs_q_factor": 0.6218417714980427, "highs_gain_db_s": -48.69736422127991, "fade_in_time_s": 0.0, "scale": 0.8159191397774987}