{"room_size": 5.519493159960594, "reverberation_time_s": 7.1257859745297045, "lows_cutoff_frequency_hz": 6452.489988202226, "lows_q_factor": 0.12347255243874533, "lows_gain_db_s": -72.88204065132769, "highs_cutoff_frequency_hz": 1634.9658539718757, "highs_q_factor": 0.6233212929276659, "highs_gain_db_s": -58.52275354747305, "fade_in_time_s": 1.5411286754180387, "scale": 0.0071168218350761685}