{"room_size": 22.093700957640987, "reverberation_time_s": 0.1, "lows_cutoff_frequency_hz": 20000.0, "lows_q_factor": 0.20729702785907855, "lows_gain_db_s": -80.0, "highs_cutoff_frequency_hz": 19716.132681548428, "highs_q_factor": 0.4447459380123334, "highs_gain_db_s": -5.680608087405147, "fade_in_time_s": 9.0, "scale": 0.015563755131270845}