{"room_size": 1.0, "reverberation_time_s": 1.4097651356979863, "lows_cutoff_frequency_hz": 8085.2545622047055, "lows_q_factor": 0.19575998902861647, "lows_gain_db_s": -64.68178869433812, "highs_cutoff_frequency_hz": 5192.384697380579, "highs_q_factor": 0.6184383037945549, "highs_gain_db_s": -47.480006115557806, "fade_in_time_s": 0.0, "scale": 0.2087218168967159}