{"room_size": 27.856310264385264, "reverberation_time_s": 6.5514640897317395, "lows_cutoff_frequency_hz": 20000.0, "lows_q_factor": 0.6272745151907885, "lows_gain_db_s": -51.1564999723357, "highs_cutoff_frequency_hz": 20.0, "highs_q_factor": 0.9, "highs_gain_db_s": -54.454100137769096, "fade_in_time_s": 0.0, "scale": 0.7335622870832709}