{"room_size": 1.0, "reverberation_time_s": 1.249943054275285, "lows_cutoff_frequency_hz": 18659.06092699959, "lows_q_factor": 0.9, "lows_gain_db_s": -80.0, "highs_cutoff_frequency_hz": 11640.740775858432, "highs_q_factor": 0.5441640369598956, "highs_gain_db_s": -80.0, "fade_in_time_s": 0.0045646392480091676, "scale": 0.9710174815197008}