{"room_size": 14.010298934331356, "reverberation_time_s": 9.0, "lows_cutoff_frequency_hz": 20000.0, "lows_q_factor": 0.3542131768374537, "lows_gain_db_s": -80.0, "highs_cutoff_frequency_hz": 20.0, "highs_q_factor": 0.5914576305968696, "highs_gain_db_s": -40.92351839153245, "fade_in_time_s": 0.0, "scale": 0.09639027422962056}