{"room_size": 12.325944125845094, "reverberation_time_s": 2.9253222074052743, "lows_cutoff_frequency_hz": 20000.0, "lows_q_factor": 0.8719122942601009, "lows_gain_db_s": -65.24253329963496, "highs_cutoff_frequency_hz": 9940.780262422122, "highs_q_factor": 0.5181512891993467, "highs_gain_db_s": -54.399669181675904, "fade_in_time_s": 0.0, "scale": 0.9848105445524675}