{"room_size": 9.239045437765672, "reverberation_time_s": 7.279054273324905, "lows_cutoff_frequency_hz": 20000.0, "lows_q_factor": 0.9, "lows_gain_db_s": -73.65942324712907, "highs_cutoff_frequency_hz": 20.0, "highs_q_factor": 0.7726251396393907, "highs_gain_db_s": -80.0, "fade_in_time_s": 0.0, "scale": 1.0}