{"room_size": 1.0, "reverberation_time_s": 1.6534906933672038, "lows_cutoff_frequency_hz": 8749.738376744392, "lows_q_factor": 0.7807469749126639, "lows_gain_db_s": -71.95701894714546, "highs_cutoff_frequency_hz": 4011.7830839616604, "highs_q_factor": 0.21107593164965868, "highs_gain_db_s": -42.62746915631814, "fade_in_time_s": 0.0, "scale": 0.4698443514869505}