{"room_size": 11.303641784585636, "reverberation_time_s": 0.6226504259559413, "lows_cutoff_frequency_hz": 2256.1148794067344, "lows_q_factor": 0.7309646526428804, "lows_gain_db_s": -75.98859345040631, "highs_cutoff_frequency_hz": 5368.824048782893, "highs_q_factor": 0.8893064392240625, "highs_gain_db_s": -80.0, "fade_in_time_s": 0.0, "scale": 0.5194598845355252}