{"room_size": 1.0760442604430538, "reverberation_time_s": 4.976971252528733, "lows_cutoff_frequency_hz": 3776.9581891119337, "lows_q_factor": 0.8333211275846266, "lows_gain_db_s": -75.78615345571733, "highs_cutoff_frequency_hz": 4729.058854975798, "highs_q_factor": 0.01, "highs_gain_db_s": -80.0, "fade_in_time_s": 4.294446828950698, "scale": 0.0}