{"room_size": 0.0, "damping": 1.0, "width": 0.7381808432440372, "scale": 0.36430366332507635}