{"room_size": 0.0, "damping": 1.0, "width": 0.7125690193857935, "scale": 0.4068128914646788}