{"room_size": 0.6426190368211618, "damping": 0.38825184547268576, "width": 0.5042411124374863, "scale": 0.10157873011437059}