{"room_size": 0.6290724477041972, "damping": 0.22897094144416053, "width": 0.4082367064560519, "scale": 0.06099007587407776}