{"room_size": 0.73333675324826, "damping": 0.6233212016913542, "width": 0.0, "scale": 0.32366423238460745}