{"room_size": 0.6223500020711266, "damping": 0.24141715614898876, "width": 0.0, "scale": 0.08314105741210952}