{"room_size": 0.7178072851689881, "damping": 0.5672220229721433, "width": 0.8108008830778735, "scale": 0.12746807121579343}