{"room_size": 0.6867839822849657, "damping": 0.37887956283652263, "width": 0.0, "scale": 0.12029271595149982}