{"room_size": 0.72250957652952, "damping": 0.3573198551578122, "width": 0.0, "scale": 0.10166888884376421}