{"room_size": 0.6645383794901042, "damping": 0.3005981513425787, "width": 0.0, "scale": 0.09582234744031208}