{"room_size": 0.7654770852486049, "damping": 0.48644041314683445, "width": 0.0, "scale": 0.14683030050726312}