{"room_size": 0.7162133333685217, "damping": 0.5384296218201814, "width": 0.5436997057824058, "scale": 0.1533459766213003}