{"room_size": 0.605036120387453, "damping": 0.2710328769894009, "width": 1.0, "scale": 0.047721964179966186}