{"room_size": 0.6378407628941027, "damping": 0.28435370046648895, "width": 0.027023592520303202, "scale": 0.09444329152302859}