{"room_size": 0.5353924515249038, "damping": 0.3507381273160709, "width": 0.23854472758117898, "scale": 0.10589691833622711}