{"room_size": 0.5948092582794805, "damping": 0.3623194147062813, "width": 0.6521348263590635, "scale": 0.10357814832772552}