{"room_size": 0.6947821602860957, "damping": 0.4275213102128269, "width": 0.0, "scale": 0.14646791442283216}