{"room_size": 0.6379254098695779, "damping": 0.2784722965719683, "width": 0.0, "scale": 0.11141360513993855}