{"room_size": 0.608524910462414, "damping": 0.2249677651444906, "width": 0.0, "scale": 0.09358588941371346}