{"room_size": 0.5617868325629305, "damping": 0.0, "width": 0.0, "scale": 0.09826487527459463}