{"room_size": 0.7654618847750877, "damping": 0.5906157555075633, "width": 1.0, "scale": 0.1340725603898758}