{"room_size": 0.6623727778201453, "damping": 0.40099571713757687, "width": 0.0, "scale": 0.15078884847194668}