{"room_size": 0.6537072956337049, "damping": 0.339582342738764, "width": 0.2072543187134973, "scale": 0.11033409025782114}