{"room_size": 0.7649031715173279, "damping": 0.5798081252422279, "width": 0.23562141890480043, "scale": 0.19111431018173583}