{"room_size": 0.42747032931104384, "damping": 0.6450797561015288, "width": 0.2147386211136975, "scale": 0.05702307389763368}