{"room_size": 0.607678546890275, "damping": 1.0, "width": 0.08198737455638203, "scale": 0.1362985815627234}