{"room_size": 0.5577511325375756, "damping": 1.0, "width": 0.07695489943800136, "scale": 0.1914172457146158}