{"room_size": 0.5025358774625568, "damping": 0.9076263140972698, "width": 0.18471342731452078, "scale": 0.13620414436588948}