{"room_size": 0.029207912217142636, "damping": 1.0, "width": 0.16293532716153672, "scale": 0.48537858152880614}