{"room_size": 0.5878075578165071, "damping": 1.0, "width": 2.6041724238606286e-17, "scale": 0.22230092537660687}