{"room_size": 0.512815205124065, "damping": 1.0, "width": 1.0, "scale": 0.09846209627943657}