{"room_size": 0.4651112918781759, "damping": 1.0, "width": 1.0, "scale": 0.05801037695806371}