{"room_size": 0.5589441793891492, "damping": 1.0, "width": 0.0, "scale": 0.19975544897303416}