{"room_size": 0.5317369267057656, "damping": 1.0, "width": 0.0, "scale": 0.13035206169885713}