{"room_size": 0.480893942112565, "damping": 1.0, "width": 0.7933311952042795, "scale": 0.18032403419146348}