{"room_size": 0.6189335935649678, "damping": 1.0, "width": 0.0, "scale": 0.16677829955171541}