{"room_size": 0.4601538276743624, "damping": 0.7012658492666517, "width": 0.8979768182521395, "scale": 0.06737206176851582}