{"room_size": 0.49946916340013026, "damping": 0.8593642575117033, "width": 0.5764413592600752, "scale": 0.07275725760051324}