{"room_size": 0.5887048000019968, "damping": 1.0, "width": 0.0, "scale": 0.27081501617558007}