{"room_size": 0.4561787907623128, "damping": 0.6792651671389727, "width": 0.0, "scale": 0.06820627242654431}