{"room_size": 0.46517601656894697, "damping": 0.6630373739091027, "width": 1.0, "scale": 0.03882822506496275}