{"room_size": 0.6372265970570661, "damping": 1.0, "width": 0.0, "scale": 0.15245766072640565}