{"room_size": 0.3876098327221175, "damping": 0.7378683503454606, "width": 1.0, "scale": 0.045220641189539994}