{"room_size": 0.5146419974452158, "damping": 1.0, "width": 0.0, "scale": 0.29065821320362945}