{"room_size": 0.5817370739661563, "damping": 1.0, "width": 0.0, "scale": 0.17672781207004262}