{"room_size": 0.5177833770114669, "damping": 0.6184464144115298, "width": 1.0, "scale": 0.050198540618992316}