{"room_size": 0.5319530485128916, "damping": 0.9174819776070537, "width": 0.4175832715152798, "scale": 0.10460712773448758}