{"room_size": 0.5287763702951362, "damping": 1.0, "width": 0.40476495836361825, "scale": 0.1259355953392485}