{"room_size": 0.5738071268664308, "damping": 0.3364694194504645, "width": 1.0, "scale": 0.05822269438860583}