{"room_size": 0.7211079435329959, "damping": 0.5554377326087669, "width": 1.0, "scale": 0.10580511636987205}