{"room_size": 0.7070382986116981, "damping": 0.559082032127526, "width": 1.0, "scale": 0.11576292136537399}