{"room_size": 0.7213635496813252, "damping": 0.5252967103193505, "width": 0.0, "scale": 0.1612822922086416}