{"room_size": 0.6289201980022675, "damping": 0.23785745758491691, "width": 0.0, "scale": 0.08344915630010424}