{"room_size": 0.7570575123316895, "damping": 0.6155019901458755, "width": 0.0, "scale": 0.28817756961432234}