{"room_size": 0.6111629472201865, "damping": 0.36950016508762906, "width": 0.0, "scale": 0.13324826015321578}