{"room_size": 0.6923947781764106, "damping": 0.39505450289149907, "width": 0.0, "scale": 0.14639385319706896}