{"room_size": 0.7539217319793227, "damping": 0.5204830116648068, "width": 0.7753159810998784, "scale": 0.08821606330536015}