{"room_size": 0.6954287713546913, "damping": 0.35055308694660314, "width": 0.4026458698006435, "scale": 0.08636362340741717}