{"room_size": 0.6704405349167634, "damping": 0.3020398663425464, "width": 0.5683962245053723, "scale": 0.05714687658514981}