{"room_size": 0.7187315673528945, "damping": 0.3534022265132967, "width": 0.6483187732981235, "scale": 0.05514686573938317}