{"room_size": 0.7350129439160789, "damping": 0.6418307739273252, "width": 1.0, "scale": 0.2375943470814935}