{"room_size": 0.6604871174383742, "damping": 0.2363940070981792, "width": 0.0, "scale": 0.0707712905338904}