{"room_size": 0.7237284280959291, "damping": 0.40293696199947837, "width": 0.0, "scale": 0.10045875658211935}