{"room_size": 0.6657073594077506, "damping": 0.2870518403311039, "width": 0.0, "scale": 0.08835353981393677}