{"room_size": 0.6958889938904236, "damping": 0.35603649144788374, "width": 0.0, "scale": 0.11225204645297708}