{"room_size": 0.7411507846843682, "damping": 0.6456708335294805, "width": 0.0, "scale": 0.3228922554229452}