{"room_size": 0.6538754726699065, "damping": 0.28685266531560255, "width": 0.0, "scale": 0.08486241603133642}