{"room_size": 0.5708737976557647, "damping": 0.32744558098870624, "width": 0.8752451091721352, "scale": 0.06117482470267519}