{"room_size": 0.7396989574482059, "damping": 0.6233102032024375, "width": 0.0, "scale": 0.5047247525948079}