{"room_size": 0.7271461314328844, "damping": 0.5941956607142659, "width": 1.0, "scale": 0.10981940872402096}