{"room_size": 0.6576762288144659, "damping": 0.35415528382674333, "width": 0.0, "scale": 0.11967887246792662}