{"room_size": 0.7458408691003993, "damping": 0.648325516622451, "width": 0.7655755779151926, "scale": 0.17227809574369268}