{"room_size": 0.7269082820178999, "damping": 0.4113315376461592, "width": 1.0, "scale": 0.06326592400266307}