{"room_size": 0.6178674525495789, "damping": 0.24161250295251177, "width": 0.0, "scale": 0.07834415259289966}