{"room_size": 0.741944298001622, "damping": 0.601180717051095, "width": 0.8009068344547821, "scale": 0.1678572024189849}