{"room_size": 0.6938637154075762, "damping": 0.4353842927871859, "width": 1.0, "scale": 0.06618955500683557}