{"room_size": 0.6440392402370336, "damping": 0.2632117197236325, "width": 0.0, "scale": 0.078119807063245}