{"room_size": 0.6938003784798888, "damping": 0.4439234829753123, "width": 0.538704761351836, "scale": 0.09183378140308533}