{"room_size": 0.7252862174382174, "damping": 0.533376464343651, "width": 0.6716190215378505, "scale": 0.12812147895489398}