{"room_size": 0.6796497094761629, "damping": 0.1998423367306835, "width": 0.0, "scale": 0.05076254800196021}