{"room_size": 0.7303928939718268, "damping": 0.5353739586259185, "width": 0.5414733739649182, "scale": 0.12798309278318498}