{"room_size": 0.62144168701059, "damping": 0.18984561694136565, "width": 0.9064783105482376, "scale": 0.04130640186185706}