{"room_size": 0.7476402659465575, "damping": 0.5173984408938974, "width": 0.0, "scale": 0.16367898106469222}