{"room_size": 0.6838401395104869, "damping": 0.35919669986849645, "width": 1.0, "scale": 0.061154425600934446}