{"room_size": 0.680591684803728, "damping": 0.23822419398122346, "width": 0.3193075850752232, "scale": 0.05328015062031641}