{"room_size": 0.7431901404262662, "damping": 0.6207113441673937, "width": 1.0, "scale": 0.2646745798554873}