{"room_size": 0.7210747791012964, "damping": 0.32524848450895827, "width": 0.8655275008259626, "scale": 0.05476141059347574}