{"room_size": 0.7408344442269633, "damping": 0.6207974354281635, "width": 1.0, "scale": 0.15858902860693344}