{"room_size": 0.6907688840468531, "damping": 0.36715828699791414, "width": 0.0, "scale": 0.11104535722149085}