{"room_size": 0.5756576307050935, "damping": 0.19631246555526144, "width": 0.0, "scale": 0.09133933175808794}