{"room_size": 0.6987524915700666, "damping": 0.36327288500063715, "width": 0.03325457310917571, "scale": 0.11059204533604423}