{"room_size": 0.6860233693057042, "damping": 0.3719457719776219, "width": 0.13180250016675263, "scale": 0.10723490676661722}