{"room_size": 0.6443623377758333, "damping": 0.2726831759053814, "width": 0.8586123010046326, "scale": 0.05774401580117785}