{"room_size": 0.6534218560828067, "damping": 0.21680024158271868, "width": 0.0, "scale": 0.06703032451895061}