{"room_size": 0.7718783199592071, "damping": 0.5763218586702985, "width": 0.08879770267759528, "scale": 0.21332721830158044}