{"room_size": 0.5357267693053095, "damping": 0.24850554176694709, "width": 1.0, "scale": 0.04842178594745213}