{"room_size": 0.7298355878224075, "damping": 0.5258230136108956, "width": 1.0, "scale": 0.0966299901961691}