{"room_size": 0.6380704730854252, "damping": 0.3316177387015037, "width": 0.0, "scale": 0.10524720268545644}