{"room_size": 0.6719699324565539, "damping": 0.3917006085353914, "width": 0.0, "scale": 0.1405673560089654}