{"room_size": 0.6136161157680367, "damping": 0.25435557997634, "width": 0.0, "scale": 0.10493015898356926}