{"room_size": 0.7228099939176847, "damping": 0.5424471958268023, "width": 0.0, "scale": 0.21641932048938262}