{"room_size": 0.6911361701867468, "damping": 0.4175853748686633, "width": 0.8221643839411066, "scale": 0.07767230447454383}