{"room_size": 0.6617642251164397, "damping": 0.24247116822308293, "width": 0.9851301142146396, "scale": 0.03679333203852493}