{"room_size": 0.7490462178080656, "damping": 0.6129884816119637, "width": 0.39222007479682686, "scale": 0.20990782417919432}