{"room_size": 0.6338674311745796, "damping": 0.18605550915530783, "width": 0.14961781771359153, "scale": 0.06606110327694854}