{"room_size": 0.6563776450836442, "damping": 0.28800776766524133, "width": 0.0, "scale": 0.10607868396596777}