{"room_size": 0.7265982522480315, "damping": 0.5307159035716135, "width": 0.7427328224629628, "scale": 0.11729007902935937}