{"room_size": 0.7016812850870492, "damping": 0.36930150175503107, "width": 0.2612834128719415, "scale": 0.09283241357776822}