{"room_size": 0.6952248187345674, "damping": 0.4396602226081585, "width": 0.0, "scale": 0.1479758811741967}