{"room_size": 0.7157842090739156, "damping": 0.5532689023075505, "width": 1.0, "scale": 0.11008925680441893}