{"room_size": 0.7267482446210661, "damping": 0.5206977140046586, "width": 0.47147978974859706, "scale": 0.13839529656242652}