{"room_size": 0.5145223007494201, "damping": 0.9257706191501813, "width": 0.7032186181681317, "scale": 0.08502418790524856}