{"room_size": 0.6095757797104981, "damping": 0.7996372495565605, "width": 0.02664623496220925, "scale": 0.1236848145505692}