{"room_size": 0.6052779926923074, "damping": 1.0, "width": 1.0, "scale": 0.21564045396816806}