{"room_size": 0.6543258642849461, "damping": 1.0, "width": 1.0, "scale": 0.09993745529835245}