{"room_size": 0.641270207541457, "damping": 0.9507467362529683, "width": 1.0, "scale": 0.103805755463988}