{"room_size": 0.5904815759483324, "damping": 1.0, "width": 0.6662000389405177, "scale": 0.11962482317476195}