{"room_size": 0.6111081563828679, "damping": 1.0, "width": 1.0, "scale": 0.07298310411900097}