{"room_size": 0.6612426308140026, "damping": 1.0, "width": 0.0, "scale": 0.13669907076031482}