{"room_size": 0.615295749396886, "damping": 1.0, "width": 0.0, "scale": 0.46499917733858886}