{"room_size": 0.5398731742084661, "damping": 0.8044638847057765, "width": 1.0, "scale": 0.04897861886194221}