{"room_size": 0.4508160509256835, "damping": 0.6133477736385134, "width": 0.0, "scale": 0.04332942858630223}