{"room_size": 0.6232561032170681, "damping": 1.0, "width": 1.0, "scale": 0.16402447352846206}