{"room_size": 0.5795946152965922, "damping": 1.0, "width": 0.23393051004632542, "scale": 0.208719374326538}