{"room_size": 0.6014155696374095, "damping": 1.0, "width": 1.0, "scale": 0.13730952431826018}