{"room_size": 0.5019874822478197, "damping": 0.7823865732525375, "width": 1.0, "scale": 0.0441093317695211}