{"room_size": 0.5350499800767637, "damping": 0.8931482371362351, "width": 0.0, "scale": 0.1679186918364254}