{"room_size": 0.5533938922098531, "damping": 1.0, "width": 0.0, "scale": 0.22877722372130557}