{"room_size": 0.5093630158519024, "damping": 0.6160345730504739, "width": 1.0, "scale": 0.05672982385429316}