{"room_size": 0.6085486873529864, "damping": 1.0, "width": 1.0, "scale": 0.09627293572980686}