{"room_size": 0.0, "damping": 1.0, "width": 0.8712256040045491, "scale": 0.3384349349848392}