{"room_size": 0.0, "damping": 1.0, "width": 0.13036466486680612, "scale": 0.5767765428370681}