{"source_x": 0.16776291453801773, "source_y": 0.6605822784258341, "source_z": 0.3671108981703598, "listener_x": 0.23849444685295076, "listener_y": 0.7864073943727301, "listener_z": 0.6089322149117268, "listener_pitch": 100.61689640507447, "listener_yaw": 122.68018307603445, "listener_roll": 324.776231522737, "dimensions_x": 4.106777762861193, "dimensions_y": 18.572703150124813, "dimensions_z": 1.0, "125hz_wall_x_0": 0.5274051917563474, "250hz_wall_x_0": 0.7577531960517625, "500hz_wall_x_0": 0.0, "1000hz_wall_x_0": 0.0, "2000hz_wall_x_0": 0.17114640083993307, "4000hz_wall_x_0": 0.33841927137575634, "8000hz_wall_x_0": 0.9223491755240235, "16000hz_wall_x_0": 0.6751430964563123, "125hz_wall_x_1": 0.15821413075027346, "250hz_wall_x_1": 0.7194733930651719, "500hz_wall_x_1": 0.11307514237818986, "1000hz_wall_x_1": 0.67552660214378, "2000hz_wall_x_1": 0.09505045774533735, "4000hz_wall_x_1": 0.7176844488580725, "8000hz_wall_x_1": 0.4985101560815345, "16000hz_wall_x_1": 0.1053616362872449, "125hz_wall_y_0": 0.36967625606053894, "250hz_wall_y_0": 0.07635247404601661, "500hz_wall_y_0": 0.34919281983808875, "1000hz_wall_y_0": 0.0, "2000hz_wall_y_0": 0.30022153622177894, "4000hz_wall_y_0": 0.9803002543169426, "8000hz_wall_y_0": 0.9414443939475224, "16000hz_wall_y_0": 1.0, "125hz_wall_y_1": 0.1585404113583928, "250hz_wall_y_1": 0.44582419204681445, "500hz_wall_y_1": 0.24982298542000572, "1000hz_wall_y_1": 0.8831601353101486, "2000hz_wall_y_1": 0.4351832277674223, "4000hz_wall_y_1": 0.2124783994225661, "8000hz_wall_y_1": 0.790976651528925, "16000hz_wall_y_1": 0.8746845597781747, "125hz_wall_z_0": 0.3274634406546954, "250hz_wall_z_0": 0.4408985553290089, "500hz_wall_z_0": 0.1139232623752003, "1000hz_wall_z_0": 0.3076464735283847, "2000hz_wall_z_0": 0.41151398977443876, "4000hz_wall_z_0": 0.0, "8000hz_wall_z_0": 0.5034166321707252, "16000hz_wall_z_0": 1.0, "125hz_wall_z_1": 0.9202275310832833, "250hz_wall_z_1": 0.05321281961617019, "500hz_wall_z_1": 0.0, "1000hz_wall_z_1": 0.02480360885962496, "2000hz_wall_z_1": 0.0, "4000hz_wall_z_1": 0.6153643516239737, "8000hz_wall_z_1": 0.8252918507559063, "16000hz_wall_z_1": 0.4025145295890247}