{"room_size": 0.7267170970767299, "damping": 0.6021617441196538, "width": 1.0, "scale": 0.16574324546741792}