{"room_size": 0.5559764742651572, "damping": 0.17383477998088417, "width": 0.0, "scale": 0.09641094061011547}