{"room_size": 0.6795251565809195, "damping": 0.39187592371292806, "width": 1.0, "scale": 0.07347069240235639}