{"room_size": 0.6044981811664696, "damping": 0.20938051924085402, "width": 0.0, "scale": 0.09027313545200133}