{"room_size": 0.7594453760724243, "damping": 0.5603804536260653, "width": 0.9521994668777586, "scale": 0.12431937560719852}