{"room_size": 0.6333991283440511, "damping": 0.28745094754476774, "width": 0.0, "scale": 0.10378499730225842}