{"room_size": 0.014481257800328414, "damping": 0.4020513822936759, "width": 0.8375842821692985, "scale": 0.0022028340993875783}