{"room_size": 0.0, "damping": 0.0, "width": 0.4187227807205212, "scale": 0.001970482008751128}