{"room_size": 0.7403151077874772, "damping": 0.6648323810295391, "width": 1.0, "scale": 0.23311076008627607}