{"room_size": 0.6801198717321614, "damping": 0.5922443254978644, "width": 1.0, "scale": 0.029213070985928853}