{"room_size": 0.6798171056612863, "damping": 0.6505036911456432, "width": 0.6926853422008702, "scale": 0.02872285771445923}