{"room_size": 0.0, "damping": 1.0, "width": 0.14931828601370326, "scale": 0.5761797819080157}