{"room_size": 0.61393811191248, "damping": 1.0, "width": 0.0, "scale": 0.4171826184078717}