{"room_size": 0.6141286905879042, "damping": 1.0, "width": 0.6462666351389749, "scale": 0.255914824567044}