{"room_size": 24.38310129239818, "reverberation_time_s": 5.9503442059063545, "lows_cutoff_frequency_hz": 18962.235016772418, "lows_q_factor": 0.31090235457027604, "lows_gain_db_s": -37.28687658887352, "highs_cutoff_frequency_hz": 20000.0, "highs_q_factor": 0.01, "highs_gain_db_s": -17.793190215528107, "dry_wet": 0.6090322023152961, "fade_in_time_s": 0.3078564805972749}