{"room_size": 3.0366608700631987, "reverberation_time_s": 8.667394409495161, "lows_cutoff_frequency_hz": 20000.0, "lows_q_factor": 0.6225940766991784, "lows_gain_db_s": -25.625782170634963, "highs_cutoff_frequency_hz": 5368.474668077116, "highs_q_factor": 0.2797692172972585, "highs_gain_db_s": -72.18443368063438, "dry_wet": 0.6314119645698366, "fade_in_time_s": 0.001133905847090609}