{"room_size": 20.443672805996105, "reverberation_time_s": 4.533858519019611, "lows_cutoff_frequency_hz": 3577.362535177928, "lows_q_factor": 0.43232116374556623, "lows_gain_db_s": -44.03258629900305, "highs_cutoff_frequency_hz": 2892.9300118222254, "highs_q_factor": 0.9, "highs_gain_db_s": 4.0, "fade_in_time_s": 0.20911785158128987, "scale": 0.0004442706368128149}