{"room_size": 19.083162700101102, "reverberation_time_s": 0.4928667728754199, "lows_cutoff_frequency_hz": 20000.0, "lows_q_factor": 0.5013160147307971, "lows_gain_db_s": -3.3414016263405983, "highs_cutoff_frequency_hz": 6774.289005766946, "highs_q_factor": 0.6059300733523328, "highs_gain_db_s": -5.663785548492115, "fade_in_time_s": 0.0, "scale": 0.8997762090688438}