{"room_size": 6.636536358646087, "reverberation_time_s": 4.865863646962207, "lows_cutoff_frequency_hz": 20000.0, "lows_q_factor": 0.6598410241335732, "lows_gain_db_s": -37.513833498800565, "highs_cutoff_frequency_hz": 20.0, "highs_q_factor": 0.4558314945169053, "highs_gain_db_s": -80.0, "fade_in_time_s": 0.0, "scale": 0.07922951862799035}