{"room_size": 1.0, "reverberation_time_s": 0.1, "lows_cutoff_frequency_hz": 20.0, "lows_q_factor": 0.023613853989162784, "lows_gain_db_s": -54.292715785752065, "highs_cutoff_frequency_hz": 3666.554946400435, "highs_q_factor": 0.01, "highs_gain_db_s": -4.476232194253001, "fade_in_time_s": 0.0, "scale": 0.4485462453324906}