{"room_size": 1.365857467562931, "reverberation_time_s": 0.6615519367162362, "lows_cutoff_frequency_hz": 20000.0, "lows_q_factor": 0.9, "lows_gain_db_s": -77.74394262208982, "highs_cutoff_frequency_hz": 20000.0, "highs_q_factor": 0.01, "highs_gain_db_s": 3.8578934301513925, "fade_in_time_s": 0.0010104730721488112, "scale": 0.10991034517672933}