{"room_size": 1.368228983006202, "reverberation_time_s": 0.11250045934270014, "lows_cutoff_frequency_hz": 20000.0, "lows_q_factor": 0.06461292227320835, "lows_gain_db_s": 6.0, "highs_cutoff_frequency_hz": 20.0, "highs_q_factor": 0.7054724946166426, "highs_gain_db_s": 4.0, "fade_in_time_s": 0.5063993020229728, "scale": 0.01052742505132075}