{"room_size": 5.713316794523415, "reverberation_time_s": 0.1, "lows_cutoff_frequency_hz": 346.8005959977052, "lows_q_factor": 0.16345291846831736, "lows_gain_db_s": -79.12248269401739, "highs_cutoff_frequency_hz": 5390.98532703824, "highs_q_factor": 0.6913487552959022, "highs_gain_db_s": -64.1472107974259, "fade_in_time_s": 0.2991944341397271, "scale": 0.00613737523365917}