{"room_size": 1.0, "reverberation_time_s": 0.8929017758493036, "lows_cutoff_frequency_hz": 20000.0, "lows_q_factor": 0.01, "lows_gain_db_s": -80.0, "highs_cutoff_frequency_hz": 17218.21212868669, "highs_q_factor": 0.8089593577292086, "highs_gain_db_s": -72.27784595564478, "fade_in_time_s": 0.0, "scale": 0.3520901335070649}