{"room_size": 15.221653012892293, "reverberation_time_s": 0.40038966741543114, "lows_cutoff_frequency_hz": 20.0, "lows_q_factor": 0.7478872336170422, "lows_gain_db_s": -66.59627847487666, "highs_cutoff_frequency_hz": 20000.0, "highs_q_factor": 0.6476069492359776, "highs_gain_db_s": -48.3577529941911, "fade_in_time_s": 0.0, "scale": 1.0}