{"room_size": 0.6190402895181251, "damping": 0.2634962762653748, "width": 0.0, "scale": 0.10862279899591512}