{"room_size": 0.699765675763264, "damping": 0.28083579917687024, "width": 0.0, "scale": 0.07822386454623537}