{"room_size": 0.7186221053416212, "damping": 0.5672125568293879, "width": 0.9267187320238565, "scale": 0.11757868318916292}