{"room_size": 0.6776527734445005, "damping": 0.38865193518358365, "width": 0.0, "scale": 0.13772392970502187}