{"room_size": 0.5279401808221411, "damping": 0.21825163896715583, "width": 1.0, "scale": 0.043843286275020744}