{"room_size": 0.6863161962848372, "damping": 0.4279797088573749, "width": 0.0, "scale": 0.1415074874460769}