{"room_size": 0.5978387302484411, "damping": 0.2627966715786746, "width": 0.0, "scale": 0.10450508810657158}