{"room_size": 0.7678119353478418, "damping": 0.4055558122293481, "width": 1.0, "scale": 0.04339380630527101}