{"room_size": 0.6802874807877559, "damping": 0.3912936874830563, "width": 1.0, "scale": 0.06924221479609535}