{"room_size": 0.5862668980278986, "damping": 0.2770275608065238, "width": 0.0, "scale": 0.10780308902336028}