{"room_size": 0.7256317752461595, "damping": 0.5436682253111019, "width": 0.8573946639617941, "scale": 0.11115427268759445}