{"room_size": 0.7346989221286351, "damping": 0.5246254290742138, "width": 0.4126062803818688, "scale": 0.14571069475618695}