{"room_size": 0.7410799125497421, "damping": 0.6150620841937977, "width": 1.0, "scale": 0.15143003050380693}