{"room_size": 0.5492945860743397, "damping": 0.317952170368086, "width": 1.0, "scale": 0.06723675733445131}