{"room_size": 0.6320422310654319, "damping": 0.23903507206149516, "width": 0.0, "scale": 0.0847120668011391}