{"room_size": 0.5232658360903938, "damping": 0.2687915823764347, "width": 1.0, "scale": 0.05508551917238154}