{"room_size": 0.693677789539702, "damping": 0.34379960442513857, "width": 0.0, "scale": 0.11525008475085699}