{"room_size": 0.773592520188974, "damping": 0.559776408780722, "width": 0.0, "scale": 0.2237251247224783}