{"room_size": 0.6836604458907645, "damping": 0.3582604429174992, "width": 0.0, "scale": 0.11425044822477119}