{"room_size": 0.7453506521577549, "damping": 0.6176911050928607, "width": 1.0, "scale": 0.2587407270994349}