{"room_size": 0.7314035762072116, "damping": 0.5156113631639464, "width": 1.0, "scale": 0.09632771855380146}