{"room_size": 0.48568766355551396, "damping": 0.17825279050811868, "width": 1.0, "scale": 0.04478365287646368}