{"room_size": 0.7267472654266524, "damping": 0.5346332833191093, "width": 1.0, "scale": 0.10030952674034725}