{"room_size": 0.7243104603470488, "damping": 0.5382957987605528, "width": 0.8077823531389348, "scale": 0.1135542708423813}