{"room_size": 0.6958139210650904, "damping": 0.39931137586213883, "width": 0.0, "scale": 0.12601803544466922}