{"room_size": 0.7598993616720049, "damping": 0.5710620569777075, "width": 0.0, "scale": 0.2387923549506079}