{"room_size": 0.7175054451000299, "damping": 0.519072104794611, "width": 0.0, "scale": 0.2129481502578011}