{"room_size": 0.699517135312947, "damping": 0.3416537393577779, "width": 0.7796813747958592, "scale": 0.06879608336081662}