{"room_size": 0.5598222676282494, "damping": 0.0, "width": 0.0, "scale": 0.05919293305663606}