{"room_size": 0.6851277360731043, "damping": 0.38920610331971583, "width": 0.2928136187362229, "scale": 0.10944855910288924}