{"room_size": 0.6561379480831303, "damping": 0.2126429139237246, "width": 0.27270412592976745, "scale": 0.05744743652024657}