{"room_size": 0.7016639164168859, "damping": 0.3766842169550862, "width": 0.44481381581234625, "scale": 0.08344750487653384}