{"room_size": 0.5465253800636907, "damping": 0.24627349975904353, "width": 1.0, "scale": 0.0548194531683283}