{"room_size": 0.68466327350425, "damping": 0.4146649102506319, "width": 0.7729954688872804, "scale": 0.07923032605836754}