{"room_size": 0.7482752947593228, "damping": 0.6010332995169699, "width": 0.9175787259037355, "scale": 0.14895471358371432}