{"room_size": 0.6637664832565736, "damping": 0.23947643090015544, "width": 0.0, "scale": 0.07035335896338667}