{"room_size": 0.7513380484089569, "damping": 0.5703646188442479, "width": 0.0, "scale": 0.23714634125659953}