{"room_size": 0.6352369882667686, "damping": 0.29166269205493767, "width": 0.0, "scale": 0.09791014087276603}