{"room_size": 0.706951053297012, "damping": 0.3824863209513818, "width": 0.6945756020634297, "scale": 0.06853843641680278}