{"room_size": 0.6143254480516622, "damping": 0.2763377242997954, "width": 0.7207184092878487, "scale": 0.06766836915253856}