{"room_size": 0.646073560296025, "damping": 0.30388878331950586, "width": 0.0, "scale": 0.1036442494075484}