{"room_size": 0.6111320984179796, "damping": 0.31842806807783236, "width": 1.0, "scale": 0.062442443926786474}