{"room_size": 0.5902962532135878, "damping": 0.23606476511940444, "width": 0.0, "scale": 0.09024845295140263}