{"room_size": 0.6354828544820549, "damping": 0.27920525544569585, "width": 0.07461609282893779, "scale": 0.0880451038946147}