{"room_size": 0.6569003148175999, "damping": 0.35629558271695383, "width": 0.2529942203040511, "scale": 0.11317656236153321}