{"room_size": 0.7505941105681514, "damping": 0.6286557247316479, "width": 1.0, "scale": 0.12654409689013163}