{"room_size": 0.657190234936509, "damping": 0.35298208738834874, "width": 0.11499103852933211, "scale": 0.12814820395457438}