{"room_size": 0.6988695515735657, "damping": 0.3606924605296257, "width": 0.0, "scale": 0.11977183834145556}