{"room_size": 0.6929881189100756, "damping": 0.41495643103674557, "width": 0.5187489665801694, "scale": 0.10300397743852763}