{"room_size": 0.5989058643670734, "damping": 0.24186153089438245, "width": 0.9960361470632163, "scale": 0.048651890490988794}