{"room_size": 0.7064995540767788, "damping": 0.574476446984229, "width": 1.0, "scale": 0.1273654459201644}