{"room_size": 0.6427558126720703, "damping": 0.25472328924445575, "width": 0.0, "scale": 0.08022193608032159}