{"room_size": 0.587252533235938, "damping": 1.0, "width": 1.0, "scale": 0.2305129382932894}