{"room_size": 0.6086348973542046, "damping": 1.0, "width": 0.9860922706747869, "scale": 0.2102514088140103}