{"loss_end_value": 13.159277505505155, "parameters": {"output_mode": "Stereo", "source_gain_db": 0, "render_line_of_sight": false, "source_x": 0.5, "source_y": 0.95, "source_z": 0.5, "listener_x": 0.9, "listener_y": 0.5, "listener_z": 0.5, "listener_pitch": 0.0, "listener_yaw": 0.0, "listener_roll": 0.0, "dimensions_x_m": 4, "dimensions_y_m": 3, "dimensions_z_m": 3, "125hz_wall_x_0": 0.4294656676072811, "250hz_wall_x_0": 0.9462901448909089, "500hz_wall_x_0": 0.1844019698367482, "1000hz_wall_x_0": 0.27376023362993734, "2000hz_wall_x_0": 0.12640169831390716, "4000hz_wall_x_0": 0.7580653802178487, "8000hz_wall_x_0": 0.4548403458815172, "16000hz_wall_x_0": 0.21079666502128608, "125hz_wall_x_1": 0.22528968629673413, "250hz_wall_x_1": 0.35465111590893234, "500hz_wall_x_1": 0.7307293661155819, "1000hz_wall_x_1": 0.45642856905979323, "2000hz_wall_x_1": 0.31323990212091074, "4000hz_wall_x_1": 0.1106020666359924, "8000hz_wall_x_1": 0.5824064187721019, "16000hz_wall_x_1": 0.35579454117854364, "125hz_wall_y_0": 0.9448905259289486, "250hz_wall_y_0": 0.803999100065058, "500hz_wall_y_0": 0.4064563164485542, "1000hz_wall_y_0": 0.40607228508721627, "2000hz_wall_y_0": 0.12803947599879442, "4000hz_wall_y_0": 0.1134111114609774, "8000hz_wall_y_0": 0.045192697111845044, "16000hz_wall_y_0": 0.39362389924842034, "125hz_wall_y_1": 0.5558942200707705, "250hz_wall_y_1": 0.01466810841265265, "500hz_wall_y_1": 0.7813120182021877, "1000hz_wall_y_1": 0.4716581717456463, "2000hz_wall_y_1": 0.05456769969773735, "4000hz_wall_y_1": 0.912456336028405, "8000hz_wall_y_1": 0.6759248659428768, "16000hz_wall_y_1": 0.12074636642986117, "125hz_wall_z_0": 0.215511965347772, "250hz_wall_z_0": 0.056853986531871584, "500hz_wall_z_0": 0.06212576780032798, "1000hz_wall_z_0": 0.43308647187483684, "2000hz_wall_z_0": 0.45615877060916876, "4000hz_wall_z_0": 0.06580762291492027, "8000hz_wall_z_0": 0.15491497570746562, "16000hz_wall_z_0": 0.23075072574352012, "125hz_wall_z_1": 0.604279794485246, "250hz_wall_z_1": 0.39760746485078335, "500hz_wall_z_1": 0.6702358465397896, "1000hz_wall_z_1": 0.005465335511517067, "2000hz_wall_z_1": 6.595416797039457e-06, "4000hz_wall_z_1": 0.1368706496275485, "8000hz_wall_z_1": 0.2369834431259386, "16000hz_wall_z_1": 0.9393750680074671, "scale": 0.15029185818034999}}