{"room_size": 0.5783036899881357, "damping": 0.7022856612727336, "width": 1.0, "scale": 0.07766193222691811}