{"room_size": 0.6641929753707346, "damping": 1.0, "width": 0.26439488744105566, "scale": 0.11008827345606716}