{"room_size": 0.760331081460113, "damping": 1.0, "width": 1.0, "scale": 0.11993179970550887}