{"room_size": 0.5402827077347407, "damping": 0.7058021591599184, "width": 1.0, "scale": 0.06023451707059395}