{"room_size": 0.6891779952945052, "damping": 1.0, "width": 0.8201304214539865, "scale": 0.09168832259919545}