{"room_size": 0.7544506208890427, "damping": 1.0, "width": 1.0, "scale": 0.13433764940962775}