{"room_size": 0.6672852073696237, "damping": 1.0, "width": 0.0, "scale": 0.1540395976180784}