{"room_size": 21.686558258078893, "reverberation_time_s": 0.1, "lows_cutoff_frequency_hz": 14011.949379579533, "lows_q_factor": 0.7226525835944239, "lows_gain_db_s": -54.36775916708164, "highs_cutoff_frequency_hz": 9170.281329746413, "highs_q_factor": 0.9, "highs_gain_db_s": -73.44869263911515, "fade_in_time_s": 0.0, "scale": 1.0}