{"room_size": 2.225402881011681, "reverberation_time_s": 0.1, "lows_cutoff_frequency_hz": 20000.0, "lows_q_factor": 0.502904154255233, "lows_gain_db_s": -80.0, "highs_cutoff_frequency_hz": 2008.6795583125574, "highs_q_factor": 0.7817286824762772, "highs_gain_db_s": -80.0, "fade_in_time_s": 9.0, "scale": 0.04865636826614416}