{"room_size": 30.0, "reverberation_time_s": 2.6374630628849585, "lows_cutoff_frequency_hz": 7984.362404447477, "lows_q_factor": 0.9, "lows_gain_db_s": -23.906552359436944, "highs_cutoff_frequency_hz": 20.0, "highs_q_factor": 0.47409484875547553, "highs_gain_db_s": -76.21058484829722, "fade_in_time_s": 0.0, "scale": 0.26359623285210343}