{"room_size": 26.32136085199012, "reverberation_time_s": 0.1, "lows_cutoff_frequency_hz": 12389.993562122992, "lows_q_factor": 0.36204118074904523, "lows_gain_db_s": -79.47992536002248, "highs_cutoff_frequency_hz": 12261.15687745695, "highs_q_factor": 0.9, "highs_gain_db_s": -53.35451688383482, "fade_in_time_s": 0.0, "scale": 1.0}