{"room_size": 30.0, "reverberation_time_s": 0.12520275027496428, "lows_cutoff_frequency_hz": 20.0, "lows_q_factor": 0.47431449769829465, "lows_gain_db_s": -80.0, "highs_cutoff_frequency_hz": 9921.172724240341, "highs_q_factor": 0.836996280754988, "highs_gain_db_s": -32.9656298374431, "fade_in_time_s": 0.0, "scale": 1.0}