{"room_size": 30.0, "reverberation_time_s": 9.0, "lows_cutoff_frequency_hz": 11426.101793371035, "lows_q_factor": 0.33573677208173675, "lows_gain_db_s": -62.24380563059307, "highs_cutoff_frequency_hz": 16087.952407101877, "highs_q_factor": 0.15930544263665888, "highs_gain_db_s": -20.87667089626892, "fade_in_time_s": 6.804672251432077, "scale": 0.001241529376055019}