{"loss_end_value": 3.463653881237632, "parameters": {"output_mode": "Stereo", "source_gain_db": 0, "render_line_of_sight": false, "source_x": 0.5, "source_y": 0.9, "source_z": 0.5, "listener_x": 0.5, "listener_y": 0.6, "listener_z": 0.5, "listener_pitch": 0.0, "listener_yaw": 0.0, "listener_roll": 0.0, "dimensions_x_m": 13, "dimensions_y_m": 20, "dimensions_z_m": 6, "125hz_wall_x_0": 0.04739198888045039, "250hz_wall_x_0": 0.11579256102049079, "500hz_wall_x_0": 0.33523286018578696, "1000hz_wall_x_0": 0.42969869085418105, "2000hz_wall_x_0": 0.37332089865487267, "4000hz_wall_x_0": 0.3722954774485948, "8000hz_wall_x_0": 0.3722954774485948, "16000hz_wall_x_0": 0.3722954774485948, "125hz_wall_x_1": 0.04739198888045039, "250hz_wall_x_1": 0.11579256102049079, "500hz_wall_x_1": 0.33523286018578696, "1000hz_wall_x_1": 0.42969869085418105, "2000hz_wall_x_1": 0.37332089865487267, "4000hz_wall_x_1": 0.3722954774485948, "8000hz_wall_x_1": 0.3722954774485948, "16000hz_wall_x_1": 0.3722954774485948, "125hz_wall_y_0": 0.04739198888045039, "250hz_wall_y_0": 0.11579256102049079, "500hz_wall_y_0": 0.33523286018578696, "1000hz_wall_y_0": 0.42969869085418105, "2000hz_wall_y_0": 0.37332089865487267, "4000hz_wall_y_0": 0.3722954774485948, "8000hz_wall_y_0": 0.3722954774485948, "16000hz_wall_y_0": 0.3722954774485948, "125hz_wall_y_1": 0.04739198888045039, "250hz_wall_y_1": 0.11579256102049079, "500hz_wall_y_1": 0.33523286018578696, "1000hz_wall_y_1": 0.42969869085418105, "2000hz_wall_y_1": 0.37332089865487267, "4000hz_wall_y_1": 0.3722954774485948, "8000hz_wall_y_1": 0.3722954774485948, "16000hz_wall_y_1": 0.3722954774485948, "125hz_wall_z_0": 0.04739198888045039, "250hz_wall_z_0": 0.11579256102049079, "500hz_wall_z_0": 0.33523286018578696, "1000hz_wall_z_0": 0.42969869085418105, "2000hz_wall_z_0": 0.37332089865487267, "4000hz_wall_z_0": 0.3722954774485948, "8000hz_wall_z_0": 0.3722954774485948, "16000hz_wall_z_0": 0.3722954774485948, "125hz_wall_z_1": 0.04739198888045039, "250hz_wall_z_1": 0.11579256102049079, "500hz_wall_z_1": 0.33523286018578696, "1000hz_wall_z_1": 0.42969869085418105, "2000hz_wall_z_1": 0.37332089865487267, "4000hz_wall_z_1": 0.3722954774485948, "8000hz_wall_z_1": 0.3722954774485948, "16000hz_wall_z_1": 0.3722954774485948}}