{"loss_end_value": 2.1215176205345645, "parameters": {"output_mode": "Stereo", "source_gain_db": 0, "render_line_of_sight": false, "source_x": 0.5, "source_y": 0.9, "source_z": 0.5, "listener_x": 0.5, "listener_y": 0.6, "listener_z": 0.5, "listener_pitch": 0.0, "listener_yaw": 0.0, "listener_roll": 0.0, "dimensions_x_m": 13, "dimensions_y_m": 20, "dimensions_z_m": 6, "125hz_wall_x_0": 0.03220776846192902, "250hz_wall_x_0": 0.17708351431505873, "500hz_wall_x_0": 0.4425811896984714, "1000hz_wall_x_0": 0.35997189413895125, "2000hz_wall_x_0": 0.31568335192662217, "4000hz_wall_x_0": 0.3850140847261646, "8000hz_wall_x_0": 0.3850140847261646, "16000hz_wall_x_0": 0.3850140847261646, "125hz_wall_x_1": 0.03220776846192902, "250hz_wall_x_1": 0.17708351431505873, "500hz_wall_x_1": 0.4425811896984714, "1000hz_wall_x_1": 0.35997189413895125, "2000hz_wall_x_1": 0.31568335192662217, "4000hz_wall_x_1": 0.3850140847261646, "8000hz_wall_x_1": 0.3850140847261646, "16000hz_wall_x_1": 0.3850140847261646, "125hz_wall_y_0": 0.03220776846192902, "250hz_wall_y_0": 0.17708351431505873, "500hz_wall_y_0": 0.4425811896984714, "1000hz_wall_y_0": 0.35997189413895125, "2000hz_wall_y_0": 0.31568335192662217, "4000hz_wall_y_0": 0.3850140847261646, "8000hz_wall_y_0": 0.3850140847261646, "16000hz_wall_y_0": 0.3850140847261646, "125hz_wall_y_1": 0.03220776846192902, "250hz_wall_y_1": 0.17708351431505873, "500hz_wall_y_1": 0.4425811896984714, "1000hz_wall_y_1": 0.35997189413895125, "2000hz_wall_y_1": 0.31568335192662217, "4000hz_wall_y_1": 0.3850140847261646, "8000hz_wall_y_1": 0.3850140847261646, "16000hz_wall_y_1": 0.3850140847261646, "125hz_wall_z_0": 0.03220776846192902, "250hz_wall_z_0": 0.17708351431505873, "500hz_wall_z_0": 0.4425811896984714, "1000hz_wall_z_0": 0.35997189413895125, "2000hz_wall_z_0": 0.31568335192662217, "4000hz_wall_z_0": 0.3850140847261646, "8000hz_wall_z_0": 0.3850140847261646, "16000hz_wall_z_0": 0.3850140847261646, "125hz_wall_z_1": 0.03220776846192902, "250hz_wall_z_1": 0.17708351431505873, "500hz_wall_z_1": 0.4425811896984714, "1000hz_wall_z_1": 0.35997189413895125, "2000hz_wall_z_1": 0.31568335192662217, "4000hz_wall_z_1": 0.3850140847261646, "8000hz_wall_z_1": 0.3850140847261646, "16000hz_wall_z_1": 0.3850140847261646}}