{"room_size": 12.933752300077655, "reverberation_time_s": 6.8574692320227335, "lows_cutoff_frequency_hz": 20000.0, "lows_q_factor": 0.5995990392002557, "lows_gain_db_s": -23.985192133816646, "highs_cutoff_frequency_hz": 20.0, "highs_q_factor": 0.6377421528333167, "highs_gain_db_s": -75.10575620527193, "fade_in_time_s": 0.0, "scale": 0.28049230390458857}