{"room_size": 25.350176199910287, "reverberation_time_s": 8.981079126489643, "lows_cutoff_frequency_hz": 9486.317347811624, "lows_q_factor": 0.1096702037775859, "lows_gain_db_s": -64.08696749216654, "highs_cutoff_frequency_hz": 20.0, "highs_q_factor": 0.01, "highs_gain_db_s": -80.0, "fade_in_time_s": 0.0, "scale": 0.778313761525775}