{"room_size": 1.01915465406972, "reverberation_time_s": 0.5979719041905229, "lows_cutoff_frequency_hz": 11331.244234152793, "lows_q_factor": 0.07306600365386293, "lows_gain_db_s": -21.179126668815087, "highs_cutoff_frequency_hz": 6894.791411140704, "highs_q_factor": 0.8691149020853758, "highs_gain_db_s": -22.690696626902977, "fade_in_time_s": 0.0, "scale": 0.19253178996532663}