{"room_size": 30.0, "reverberation_time_s": 2.1503749831621892, "lows_cutoff_frequency_hz": 20000.0, "lows_q_factor": 0.5451957123657508, "lows_gain_db_s": -61.07747457777656, "highs_cutoff_frequency_hz": 4778.733353456207, "highs_q_factor": 0.01, "highs_gain_db_s": -80.0, "fade_in_time_s": 0.0, "scale": 0.5049966604801283}