{"room_size": 1.0, "reverberation_time_s": 9.0, "lows_cutoff_frequency_hz": 1589.3901379729184, "lows_q_factor": 0.01, "lows_gain_db_s": -1.4464566828693535, "highs_cutoff_frequency_hz": 13059.903963129264, "highs_q_factor": 0.9, "highs_gain_db_s": -18.693405103811457, "fade_in_time_s": 9.0, "scale": 1.0}