{"room_size": 1.7788629993399843, "reverberation_time_s": 0.5834072380414367, "lows_cutoff_frequency_hz": 4447.138439438364, "lows_q_factor": 0.4839444188184816, "lows_gain_db_s": -2.6294617022802385, "highs_cutoff_frequency_hz": 5225.929779330461, "highs_q_factor": 0.531892230744851, "highs_gain_db_s": -57.112659102475476, "fade_in_time_s": 0.0, "scale": 0.4693716743147579}