{"room_size": 1.0830428221753603, "reverberation_time_s": 0.37487084521158687, "lows_cutoff_frequency_hz": 5664.885346920886, "lows_q_factor": 0.193589526892073, "lows_gain_db_s": -77.1962995070804, "highs_cutoff_frequency_hz": 13187.669320818648, "highs_q_factor": 0.7321502976782864, "highs_gain_db_s": -10.585724659927266, "fade_in_time_s": 0.716592924525322, "scale": 0.002453419140642535}