{"room_size": 7.497702680114217, "reverberation_time_s": 0.2752946970112403, "lows_cutoff_frequency_hz": 20.0, "lows_q_factor": 0.01, "lows_gain_db_s": 6.0, "highs_cutoff_frequency_hz": 7746.593343091631, "highs_q_factor": 0.9, "highs_gain_db_s": -80.0, "fade_in_time_s": 0.0014031830916126603, "scale": 0.9999761395865634}