{"room_size": 7.235726295958201, "reverberation_time_s": 0.6061011847564756, "lows_cutoff_frequency_hz": 954.4578241099081, "lows_q_factor": 0.01, "lows_gain_db_s": 3.056588611806376, "highs_cutoff_frequency_hz": 6482.745808265605, "highs_q_factor": 0.33297306134206767, "highs_gain_db_s": -77.55266225015643, "fade_in_time_s": 0.0, "scale": 0.3160791224944416}