{"room_size": 25.755748598343207, "reverberation_time_s": 0.1, "lows_cutoff_frequency_hz": 18957.194778655343, "lows_q_factor": 0.5152292565916796, "lows_gain_db_s": -80.0, "highs_cutoff_frequency_hz": 11015.251923945623, "highs_q_factor": 0.5593526128545441, "highs_gain_db_s": -26.330317816993485, "fade_in_time_s": 4.852643927525056, "scale": 0.016737959378030385}