{"room_size": 1.0, "reverberation_time_s": 0.1, "lows_cutoff_frequency_hz": 20000.0, "lows_q_factor": 0.01, "lows_gain_db_s": -80.0, "highs_cutoff_frequency_hz": 9569.774274955971, "highs_q_factor": 0.8964575180269577, "highs_gain_db_s": -24.614923378941313, "fade_in_time_s": 0.0, "scale": 0.9056014197932635}