{"room_size": 4.588827939300028, "reverberation_time_s": 1.5754663022910982, "lows_cutoff_frequency_hz": 20000.0, "lows_q_factor": 0.48350296322797354, "lows_gain_db_s": -63.563110118904646, "highs_cutoff_frequency_hz": 2706.618205827321, "highs_q_factor": 0.11599494734233784, "highs_gain_db_s": -46.69286217410662, "fade_in_time_s": 0.0, "scale": 0.6426541704141626}