{"room_size": 20.028514888742677, "reverberation_time_s": 3.899179747937432, "lows_cutoff_frequency_hz": 18296.138032342325, "lows_q_factor": 0.7092345233181756, "lows_gain_db_s": -61.658968871664996, "highs_cutoff_frequency_hz": 20.0, "highs_q_factor": 0.40541792913055724, "highs_gain_db_s": -78.05610256148539, "fade_in_time_s": 0.0, "scale": 0.4499313272138644}