{"room_size": 15.313679225616122, "reverberation_time_s": 3.717395625816866, "lows_cutoff_frequency_hz": 18270.150639815165, "lows_q_factor": 0.5199323734811622, "lows_gain_db_s": -55.76051189274443, "highs_cutoff_frequency_hz": 12193.143972780625, "highs_q_factor": 0.5197545278024586, "highs_gain_db_s": -62.29101085504887, "fade_in_time_s": 0.0, "scale": 0.21740960839974716}