{"room_size": 30.0, "reverberation_time_s": 8.02808081798433, "lows_cutoff_frequency_hz": 16328.044732971863, "lows_q_factor": 0.8156776355766228, "lows_gain_db_s": -56.598882575542305, "highs_cutoff_frequency_hz": 20.0, "highs_q_factor": 0.27878750471750025, "highs_gain_db_s": -80.0, "fade_in_time_s": 0.0, "scale": 0.5632868016947734}