{"room_size": 0.6421191829686959, "damping": 0.3291725098687377, "width": 0.0, "scale": 0.1165381776727548}