{"room_size": 0.5410543535621636, "damping": 0.24538097196947367, "width": 0.7482898817471875, "scale": 0.05930571895864765}