{"room_size": 0.43383546566774034, "damping": 0.3059579835556182, "width": 0.0, "scale": 0.1268926769549576}