{"room_size": 0.6937954656585739, "damping": 0.39280478088506987, "width": 1.0, "scale": 0.06930328738872475}