{"room_size": 0.7226450022017681, "damping": 0.5511771492466766, "width": 0.848033889281355, "scale": 0.11740763276096239}