{"room_size": 0.23676449768707533, "damping": 1.0, "width": 0.17632631612150676, "scale": 0.6282794123279848}