{"room_size": 0.25659691360386006, "damping": 0.9405773264894661, "width": 0.30634129266025906, "scale": 0.484117263028898}