{"room_size": 0.23757962640449512, "damping": 0.9458715997034635, "width": 0.4362532197381699, "scale": 0.5097184656707726}