{"room_size": 0.0, "damping": 1.0, "width": 0.42021022708606437, "scale": 0.511286339041309}