{"room_size": 0.5522929202528049, "damping": 1.0, "width": 0.35081829378825036, "scale": 0.02217476290055431}