{"room_size": 13.071731679488833, "reverberation_time_s": 1.8994965232486851, "lows_cutoff_frequency_hz": 13931.554933667874, "lows_q_factor": 0.9, "lows_gain_db_s": -80.0, "highs_cutoff_frequency_hz": 4781.0588887356, "highs_q_factor": 0.9, "highs_gain_db_s": -52.833784620909, "fade_in_time_s": 0.0, "scale": 0.59456642289936}