{"room_size": 24.530038749452807, "reverberation_time_s": 0.46303364363574895, "lows_cutoff_frequency_hz": 16524.002685862437, "lows_q_factor": 0.01702774488955702, "lows_gain_db_s": -68.54627897669857, "highs_cutoff_frequency_hz": 15860.626009465692, "highs_q_factor": 0.2694332406524872, "highs_gain_db_s": -25.0493191607668, "fade_in_time_s": 0.0, "scale": 0.2948923228541756}