{"room_size": 16.236040033659055, "reverberation_time_s": 6.647309718929207, "lows_cutoff_frequency_hz": 16258.099389997391, "lows_q_factor": 0.28670689190355275, "lows_gain_db_s": -80.0, "highs_cutoff_frequency_hz": 9606.620327451445, "highs_q_factor": 0.7984371211089674, "highs_gain_db_s": -33.863082540292716, "fade_in_time_s": 0.0, "scale": 0.18917374572905604}