{"room_size": 6.9747917538282636, "reverberation_time_s": 0.2703327992100415, "lows_cutoff_frequency_hz": 15640.213556117216, "lows_q_factor": 0.7801244416345992, "lows_gain_db_s": -80.0, "highs_cutoff_frequency_hz": 984.1752408827921, "highs_q_factor": 0.6478599191105556, "highs_gain_db_s": -77.76629699687386, "fade_in_time_s": 2.1349694619925126, "scale": 0.014847425371647457}