{"room_size": 29.995909701581624, "reverberation_time_s": 1.514582551288177, "lows_cutoff_frequency_hz": 10894.412534812287, "lows_q_factor": 0.18506371999309945, "lows_gain_db_s": -80.0, "highs_cutoff_frequency_hz": 5914.707483341355, "highs_q_factor": 0.38112830043616, "highs_gain_db_s": -80.0, "fade_in_time_s": 0.0, "scale": 0.5446243172742671}