{"room_size": 13.477455845065288, "reverberation_time_s": 0.1, "lows_cutoff_frequency_hz": 8949.682876130984, "lows_q_factor": 0.44863334846922376, "lows_gain_db_s": -69.19805977199175, "highs_cutoff_frequency_hz": 2132.834059800257, "highs_q_factor": 0.39364695392125354, "highs_gain_db_s": -19.880064183216327, "fade_in_time_s": 0.0, "scale": 0.0027087799743134955}