{"room_size": 25.7176538592559, "reverberation_time_s": 2.8364994270658728, "lows_cutoff_frequency_hz": 16755.53069011447, "lows_q_factor": 0.7058308697169932, "lows_gain_db_s": -66.49362900795094, "highs_cutoff_frequency_hz": 13995.043556334214, "highs_q_factor": 0.5374010897708811, "highs_gain_db_s": -71.44476442008296, "fade_in_time_s": 0.0, "scale": 0.3120930618776438}