{"room_size": 23.23700196489519, "reverberation_time_s": 0.1, "lows_cutoff_frequency_hz": 17066.99644622093, "lows_q_factor": 0.055021979776956144, "lows_gain_db_s": -13.972347353520021, "highs_cutoff_frequency_hz": 5236.160882554056, "highs_q_factor": 0.185736697599356, "highs_gain_db_s": -26.941934194047562, "fade_in_time_s": 0.05467235974801101, "scale": 0.1943508418927043}