{"room_size": 11.413048238548598, "reverberation_time_s": 2.28005604355596, "lows_cutoff_frequency_hz": 3377.3132992088254, "lows_q_factor": 0.13846553776592432, "lows_gain_db_s": -78.66455807778176, "highs_cutoff_frequency_hz": 4910.597758876066, "highs_q_factor": 0.2559457481256448, "highs_gain_db_s": -50.048288462057286, "fade_in_time_s": 0.0, "scale": 0.15359402860481458}