{"room_size": 23.15567101921114, "reverberation_time_s": 9.0, "lows_cutoff_frequency_hz": 13642.801395876639, "lows_q_factor": 0.6896563940505209, "lows_gain_db_s": -53.59790634819449, "highs_cutoff_frequency_hz": 14320.423055663132, "highs_q_factor": 0.48916995910884287, "highs_gain_db_s": -80.0, "fade_in_time_s": 0.0, "scale": 0.8169364519790416}