{"room_size": 7.545736396771172, "reverberation_time_s": 2.3138514267839536, "lows_cutoff_frequency_hz": 2345.0242888825715, "lows_q_factor": 0.5357139436736787, "lows_gain_db_s": -80.0, "highs_cutoff_frequency_hz": 5184.088406876347, "highs_q_factor": 0.541901041470827, "highs_gain_db_s": -80.0, "fade_in_time_s": 0.0, "scale": 0.1465443979589695}