{"room_size": 14.541945581074925, "reverberation_time_s": 0.1, "lows_cutoff_frequency_hz": 6467.836917081463, "lows_q_factor": 0.37704315890850587, "lows_gain_db_s": -42.20420834659481, "highs_cutoff_frequency_hz": 8310.433009060534, "highs_q_factor": 0.33002427206823853, "highs_gain_db_s": -2.2700609604553392, "fade_in_time_s": 0.0, "scale": 0.004027487570217839}