{"room_size": 1.8081885630433612, "reverberation_time_s": 3.223129437735418, "lows_cutoff_frequency_hz": 13939.030817502984, "lows_q_factor": 0.08641359403565503, "lows_gain_db_s": -53.78135246034486, "highs_cutoff_frequency_hz": 20.0, "highs_q_factor": 0.8888316839423331, "highs_gain_db_s": -59.88254615736463, "fade_in_time_s": 0.0, "scale": 0.001391679984237479}