{"room_size": 20.599132988995123, "reverberation_time_s": 0.29851853410345497, "lows_cutoff_frequency_hz": 9260.86441623901, "lows_q_factor": 0.6615344566606493, "lows_gain_db_s": -29.497755224182413, "highs_cutoff_frequency_hz": 8956.913701091009, "highs_q_factor": 0.9, "highs_gain_db_s": -59.567408244861824, "fade_in_time_s": 0.04790100679817778, "scale": 0.162290314054111}