{"room_size": 5.457380153515363, "reverberation_time_s": 8.997160107072997, "lows_cutoff_frequency_hz": 19744.710443190714, "lows_q_factor": 0.5758731209881331, "lows_gain_db_s": -80.0, "highs_cutoff_frequency_hz": 1265.3586393910628, "highs_q_factor": 0.01, "highs_gain_db_s": -80.0, "fade_in_time_s": 0.0, "scale": 0.3009173089627032}