{"room_size": 0.7749692801273184, "damping": 0.573674632747596, "width": 1.0, "scale": 0.11229507021429364}