{"room_size": 0.6805812610031099, "damping": 0.3756700393501791, "width": 0.0, "scale": 0.12352752158460166}