{"room_size": 0.6745784721262013, "damping": 0.39277893021144816, "width": 0.0, "scale": 0.13995311885556366}