{"room_size": 0.7368924210799779, "damping": 0.6413426111666574, "width": 0.0, "scale": 0.32875348648040403}