{"room_size": 0.7200173310727946, "damping": 0.42015456348111474, "width": 0.27523805335608864, "scale": 0.09918662677544432}