{"room_size": 0.7134093996692483, "damping": 0.5685877174260942, "width": 0.9156778803006709, "scale": 0.1187802890610262}