{"room_size": 0.7476617541825009, "damping": 0.6629055034653101, "width": 1.0, "scale": 0.2258776074309621}