{"room_size": 0.5202659855011084, "damping": 0.8678358392115507, "width": 0.0, "scale": 0.1655094830496131}