{"room_size": 0.511172057575777, "damping": 0.8886444800263446, "width": 1.0, "scale": 0.0659620749491079}