{"room_size": 0.46372020509690853, "damping": 1.0, "width": 0.0, "scale": 0.2287042150497096}