{"room_size": 0.3251419425993025, "damping": 0.41805275592712504, "width": 0.1273048968324722, "scale": 0.043402398253079996}