{"room_size": 0.6031406713881629, "damping": 1.0, "width": 1.0, "scale": 0.23735755959697225}