{"room_size": 0.5515511278854368, "damping": 1.0, "width": 0.8647591919559332, "scale": 0.06420423299347644}