{"room_size": 0.5972887899095088, "damping": 1.0, "width": 1.0, "scale": 0.10965273891324846}