{"room_size": 0.38930593385899703, "damping": 0.7849478888027014, "width": 1.0, "scale": 0.047429182358074674}