{"room_size": 0.5510674979032155, "damping": 1.0, "width": 0.0, "scale": 0.20505456726520768}