{"room_size": 0.4978714030258812, "damping": 1.0, "width": 0.39332500238101265, "scale": 0.0862790156114348}