{"room_size": 0.5688407529177789, "damping": 1.0, "width": 0.0, "scale": 0.26232049980118144}