{"room_size": 0.632438366192825, "damping": 1.0, "width": 0.15868358249812609, "scale": 0.13655475086331495}