{"room_size": 0.5430026002270139, "damping": 0.8823076495447714, "width": 1.0, "scale": 0.07134898504497154}