{"room_size": 1.0, "reverberation_time_s": 8.596666606441232, "lows_cutoff_frequency_hz": 11625.393849431672, "lows_q_factor": 0.9, "lows_gain_db_s": -47.667137944606075, "highs_cutoff_frequency_hz": 20000.0, "highs_q_factor": 0.059316946424179895, "highs_gain_db_s": -42.554817193822586, "fade_in_time_s": 0.0, "scale": 0.6247029477154367}