{"room_size": 14.059842339519726, "reverberation_time_s": 0.11978969697413999, "lows_cutoff_frequency_hz": 20000.0, "lows_q_factor": 0.9, "lows_gain_db_s": -68.4272759120008, "highs_cutoff_frequency_hz": 12682.584761375781, "highs_q_factor": 0.49300958324782, "highs_gain_db_s": -79.3910069031483, "fade_in_time_s": 7.240050546404635, "scale": 0.06872754197239225}