{"room_size": 0.6755372403007472, "damping": 0.3922020823136091, "width": 0.0, "scale": 0.14109238025110335}