{"room_size": 0.6299260674003776, "damping": 0.28417466790697826, "width": 0.0, "scale": 0.09606605240271668}