{"room_size": 0.7206415687666126, "damping": 0.5409903232473651, "width": 0.8599722179459349, "scale": 0.11706545481181223}