{"room_size": 0.6454116877768094, "damping": 0.3537391640444288, "width": 0.0, "scale": 0.1377036634317182}