{"room_size": 0.7428005161287399, "damping": 0.6290104079008761, "width": 0.8474110133382254, "scale": 0.2841693480433353}