{"room_size": 0.7431115909956357, "damping": 0.5026802171626727, "width": 0.7754191218484922, "scale": 0.1003190475757744}