{"room_size": 0.7228289919802898, "damping": 0.5446385545451808, "width": 0.04131378429168566, "scale": 0.2054451001743739}