{"room_size": 0.008732861513132082, "damping": 0.2791513535781097, "width": 0.030172427239756352, "scale": 0.06536356078481806}