{"room_size": 0.0, "damping": 0.5366055966766161, "width": 0.010409808468069659, "scale": 0.1291151793518522}