{"room_size": 0.0, "damping": 0.5542637019734724, "width": 0.678462683847665, "scale": 0.06551198616765669}