{"room_size": 0.016264347106287547, "damping": 1.0, "width": 0.1872508119027191, "scale": 0.5638271855268627}