{"room_size": 0.0, "damping": 0.582648823535894, "width": 0.6262341980271188, "scale": 0.061575309916929465}