{"room_size": 0.0, "damping": 0.2355119807724474, "width": 0.25066861007051366, "scale": 0.039552762489769334}