{"room_size": 0.0, "damping": 0.4819861714146592, "width": 0.46313655557578487, "scale": 0.03419856509824549}