{"room_size": 0.6146875330287304, "damping": 1.0, "width": 1.0, "scale": 0.18819576402846305}