{"room_size": 0.0, "damping": 0.5085440639450692, "width": 0.0, "scale": 0.10175211790378172}