{"room_size": 0.014011351773516237, "damping": 0.4879748716135641, "width": 0.00358138703321114, "scale": 0.09122578313136478}