{"room_size": 0.09818127092390036, "damping": 1.0, "width": 0.0, "scale": 0.36285678706090585}