{"room_size": 0.0, "damping": 0.8485534323090331, "width": 0.6331476722695413, "scale": 0.14181999141494825}