{"room_size": 0.057998339510529386, "damping": 0.20591725762948687, "width": 0.0, "scale": 0.0832411186777347}