{"room_size": 0.013743978860405463, "damping": 0.32910182518057485, "width": 0.6128661760840489, "scale": 0.03550337434547593}