{"room_size": 0.04691836347285831, "damping": 1.0, "width": 0.8210023409827966, "scale": 0.20055612294648784}