{"room_size": 0.04943166455157191, "damping": 1.0, "width": 0.35594220740422167, "scale": 0.2679621776208721}