{"room_size": 0.0, "damping": 0.4990165038955717, "width": 0.0, "scale": 0.08875413855114024}