{"room_size": 0.0, "damping": 0.566359739688733, "width": 0.0, "scale": 0.1046124120066717}