{"room_size": 0.05362831260837306, "damping": 0.18769399958251187, "width": 0.0, "scale": 0.03960901979886559}