{"room_size": 0.0, "damping": 0.33143768868852946, "width": 0.0, "scale": 0.06733854423280507}