{"room_size": 0.0, "damping": 0.5534818801125244, "width": 0.0, "scale": 0.11439590958145143}