{"room_size": 0.00655004125939981, "damping": 0.2889539728861849, "width": 0.0, "scale": 0.06510924589634631}