{"room_size": 0.0, "damping": 0.5928886053940406, "width": 0.29299156762397444, "scale": 0.07479838452136275}