{"room_size": 0.0545319818408021, "damping": 1.0, "width": 0.4217324986035363, "scale": 0.18799492901731968}