{"room_size": 0.0, "damping": 0.8921841340989284, "width": 0.0, "scale": 0.21424940788530028}