{"room_size": 0.24014294023587196, "damping": 0.766973625159794, "width": 0.5973027890574327, "scale": 0.4975305171978482}