{"room_size": 0.23067135253209486, "damping": 0.8252722121301871, "width": 0.6244839839258493, "scale": 0.5013387893735306}