{"room_size": 0.23765467718038485, "damping": 0.7751841580461156, "width": 0.34975616496652345, "scale": 0.4656764781588897}