{"room_size": 0.23492465085837097, "damping": 0.7688149924764287, "width": 0.19750613242457865, "scale": 0.5281001206442029}