{"room_size": 1.5439507866819953, "reverberation_time_s": 0.4729920175483444, "lows_cutoff_frequency_hz": 6425.0679625194825, "lows_q_factor": 0.04027983906524204, "lows_gain_db_s": -40.07758233784175, "highs_cutoff_frequency_hz": 10016.990518767521, "highs_q_factor": 0.12667571844166697, "highs_gain_db_s": -80.0, "fade_in_time_s": 2.0185098168521947, "scale": 0.5901265049897961}