{"room_size": 28.394541282357366, "reverberation_time_s": 1.7521232496710366, "lows_cutoff_frequency_hz": 12327.692666685492, "lows_q_factor": 0.01, "lows_gain_db_s": -60.998913753337895, "highs_cutoff_frequency_hz": 7324.460614561636, "highs_q_factor": 0.859297022811039, "highs_gain_db_s": -27.297159723530953, "fade_in_time_s": 8.538793066733755, "scale": 0.8943376657663642}