{"room_size": 15.428865177904004, "reverberation_time_s": 0.1, "lows_cutoff_frequency_hz": 5091.318624813489, "lows_q_factor": 0.042039931695328776, "lows_gain_db_s": -80.0, "highs_cutoff_frequency_hz": 5237.041164145638, "highs_q_factor": 0.8397219674594232, "highs_gain_db_s": -80.0, "fade_in_time_s": 9.0, "scale": 0.2991329374735781}