{"room_size": 26.19734069551142, "reverberation_time_s": 0.1, "lows_cutoff_frequency_hz": 15572.630837700195, "lows_q_factor": 0.01, "lows_gain_db_s": -40.957629431381314, "highs_cutoff_frequency_hz": 9624.909674849278, "highs_q_factor": 0.44436890640188126, "highs_gain_db_s": -19.64872099393328, "fade_in_time_s": 1.812752097486193, "scale": 0.8576951119107609}