{"room_size": 8.474904525542744, "reverberation_time_s": 2.5808326287479484, "lows_cutoff_frequency_hz": 19812.92745526055, "lows_q_factor": 0.01, "lows_gain_db_s": -36.162339574662234, "highs_cutoff_frequency_hz": 4660.295940428324, "highs_q_factor": 0.4798410040440316, "highs_gain_db_s": -77.90157860516055, "fade_in_time_s": 0.39853817900948096, "scale": 0.6038338600632415}