{"room_size": 1.0, "reverberation_time_s": 8.498408440419231, "lows_cutoff_frequency_hz": 6764.983058857372, "lows_q_factor": 0.01, "lows_gain_db_s": -70.7382531230562, "highs_cutoff_frequency_hz": 4226.819606867325, "highs_q_factor": 0.6115241500083259, "highs_gain_db_s": -80.0, "fade_in_time_s": 0.0, "scale": 1.0}