{"room_size": 18.447547549162355, "reverberation_time_s": 0.1, "lows_cutoff_frequency_hz": 13265.290698015604, "lows_q_factor": 0.01, "lows_gain_db_s": -59.741541881399705, "highs_cutoff_frequency_hz": 5760.505909988772, "highs_q_factor": 0.8411987835215079, "highs_gain_db_s": -80.0, "fade_in_time_s": 3.4962828853278958, "scale": 0.7238941642571024}