{"room_size": 11.306392653272919, "reverberation_time_s": 0.4202573148940487, "lows_cutoff_frequency_hz": 6403.447938865897, "lows_q_factor": 0.01, "lows_gain_db_s": -64.90720427330312, "highs_cutoff_frequency_hz": 4109.835941833822, "highs_q_factor": 0.8431366650997376, "highs_gain_db_s": -77.38911510982444, "fade_in_time_s": 6.757126217171071, "scale": 0.5297839640091714}