{"room_size": 14.242139821379135, "reverberation_time_s": 0.4910402956800338, "lows_cutoff_frequency_hz": 18373.035626588706, "lows_q_factor": 0.01, "lows_gain_db_s": -26.915962652633297, "highs_cutoff_frequency_hz": 5254.375694257303, "highs_q_factor": 0.2637388642737715, "highs_gain_db_s": -69.37409024750642, "fade_in_time_s": 2.86261759859074, "scale": 1.0}