{"room_size": 12.201739392516803, "reverberation_time_s": 0.7402232932856344, "lows_cutoff_frequency_hz": 8529.207661414308, "lows_q_factor": 0.01, "lows_gain_db_s": -21.563184013850638, "highs_cutoff_frequency_hz": 18996.70482722333, "highs_q_factor": 0.055926544221806165, "highs_gain_db_s": -80.0, "fade_in_time_s": 1.8595755394222526, "scale": 0.5543211805463756}