{"room_size": 5.508540980602717, "reverberation_time_s": 9.0, "lows_cutoff_frequency_hz": 19334.715884389105, "lows_q_factor": 0.01, "lows_gain_db_s": -80.0, "highs_cutoff_frequency_hz": 8617.044352707268, "highs_q_factor": 0.29182687831554327, "highs_gain_db_s": -80.0, "fade_in_time_s": 0.0, "scale": 1.0}