{"room_size": 12.845091758316666, "reverberation_time_s": 0.9924190286132133, "lows_cutoff_frequency_hz": 5774.086326510479, "lows_q_factor": 0.01, "lows_gain_db_s": -34.8908150239918, "highs_cutoff_frequency_hz": 6734.169120697128, "highs_q_factor": 0.6737294804950921, "highs_gain_db_s": -80.0, "fade_in_time_s": 3.1808542619240283, "scale": 0.962605913770572}