{"room_size": 0.27772982214374836, "damping": 0.6851536191362005, "width": 0.6370805016569244, "scale": 0.4924792939515316}