{"room_size": 0.2561763810320334, "damping": 0.743752665835973, "width": 0.20308007632756356, "scale": 0.7765616663845155}