{"room_size": 0.2672869186404611, "damping": 0.7681088915554203, "width": 0.7100794547288024, "scale": 0.47807636655949337}