{"room_size": 0.2622253319746766, "damping": 0.9811052722580967, "width": 0.370547604429446, "scale": 0.7078709161966246}