{"room_size": 0.6063647405555243, "damping": 1.0, "width": 0.8876336924174524, "scale": 0.22873976858292985}