{"source_x": 0.49766366647264937, "source_y": 0.8178384411165697, "source_z": 0.6121118946772709, "listener_x": 0.7713599188624012, "listener_y": 0.8606697713776874, "listener_z": 0.15063696560609532, "listener_pitch": 71.46675324942159, "listener_yaw": 293.45865625836086, "listener_roll": 57.173527146397156, "dimensions_x": 12.497644934236328, "dimensions_y": 2.2778455808648195, "dimensions_z": 49.1965108935746, "125hz_wall_x_0": 0.3310154282502981, "250hz_wall_x_0": 0.8026395691204874, "500hz_wall_x_0": 0.09825193555054204, "1000hz_wall_x_0": 0.05599344896587101, "2000hz_wall_x_0": 0.4426626489592229, "4000hz_wall_x_0": 0.022143913603027258, "8000hz_wall_x_0": 0.29072855325520924, "16000hz_wall_x_0": 0.24639444325034304, "125hz_wall_x_1": 0.7382867680147006, "250hz_wall_x_1": 0.8892261317028199, "500hz_wall_x_1": 0.9871393022598627, "1000hz_wall_x_1": 0.1174433896924563, "2000hz_wall_x_1": 0.39378235229386505, "4000hz_wall_x_1": 0.4527298092633678, "8000hz_wall_x_1": 0.5381478353495162, "16000hz_wall_x_1": 0.7906221025946449, "125hz_wall_y_0": 0.46583634293152887, "250hz_wall_y_0": 0.4353322526002481, "500hz_wall_y_0": 0.5694786566210793, "1000hz_wall_y_0": 0.9692589998405253, "2000hz_wall_y_0": 0.040556148765734, "4000hz_wall_y_0": 0.5481195725818051, "8000hz_wall_y_0": 0.46257660317854077, "16000hz_wall_y_0": 0.3764722289054998, "125hz_wall_y_1": 0.3279120841985019, "250hz_wall_y_1": 0.8135289284746406, "500hz_wall_y_1": 0.6465523236193953, "1000hz_wall_y_1": 0.047426477520236446, "2000hz_wall_y_1": 0.9949575676343374, "4000hz_wall_y_1": 0.6892356429052001, "8000hz_wall_y_1": 0.9295459365463329, "16000hz_wall_y_1": 0.9181165515976012, "125hz_wall_z_0": 0.9753017241754397, "250hz_wall_z_0": 0.39700196715685776, "500hz_wall_z_0": 0.2626260933386764, "1000hz_wall_z_0": 0.4301513607030246, "2000hz_wall_z_0": 0.7645307742280278, "4000hz_wall_z_0": 0.5997308128468269, "8000hz_wall_z_0": 0.08094695662851405, "16000hz_wall_z_0": 0.704544473930781, "125hz_wall_z_1": 0.16401331876787587, "250hz_wall_z_1": 0.032349345217955856, "500hz_wall_z_1": 0.3281503611216164, "1000hz_wall_z_1": 0.4738600014934252, "2000hz_wall_z_1": 0.06808472418845792, "4000hz_wall_z_1": 0.38271070241035354, "8000hz_wall_z_1": 0.11855414354774454, "16000hz_wall_z_1": 0.8963285184297783, "scale": 0.7643085317679996}