{"loss_end_value": 1.0606906631789925, "parameters": {"output_mode": "Stereo", "source_gain_db": 0, "render_line_of_sight": false, "source_x": 0.5, "source_y": 0.5, "source_z": 0.5, "listener_x": 0.5, "listener_y": 0.2, "listener_z": 0.5, "listener_pitch": 0.0, "listener_yaw": 0.0, "listener_roll": 0.0, "dimensions_x_m": 7, "dimensions_y_m": 6, "dimensions_z_m": 3, "125hz_wall_x_0": 0.29938046572846755, "250hz_wall_x_0": 0.19790828546909828, "500hz_wall_x_0": 0.09947707136727457, "1000hz_wall_x_0": 0.06973853568363729, "2000hz_wall_x_0": 0.05010658074847961, "4000hz_wall_x_0": 0.02155881078850372, "8000hz_wall_x_0": 0.02155881078850372, "16000hz_wall_x_0": 0.02155881078850372, "125hz_wall_x_1": 0.29938046572846755, "250hz_wall_x_1": 0.19790828546909828, "500hz_wall_x_1": 0.09947707136727457, "1000hz_wall_x_1": 0.06973853568363729, "2000hz_wall_x_1": 0.05010658074847961, "4000hz_wall_x_1": 0.02155881078850372, "8000hz_wall_x_1": 0.02155881078850372, "16000hz_wall_x_1": 0.02155881078850372, "125hz_wall_y_0": 0.29938046572846755, "250hz_wall_y_0": 0.19790828546909828, "500hz_wall_y_0": 0.09947707136727457, "1000hz_wall_y_0": 0.06973853568363729, "2000hz_wall_y_0": 0.05010658074847961, "4000hz_wall_y_0": 0.02155881078850372, "8000hz_wall_y_0": 0.02155881078850372, "16000hz_wall_y_0": 0.02155881078850372, "125hz_wall_y_1": 0.29938046572846755, "250hz_wall_y_1": 0.19790828546909828, "500hz_wall_y_1": 0.09947707136727457, "1000hz_wall_y_1": 0.06973853568363729, "2000hz_wall_y_1": 0.05010658074847961, "4000hz_wall_y_1": 0.02155881078850372, "8000hz_wall_y_1": 0.02155881078850372, "16000hz_wall_y_1": 0.02155881078850372, "125hz_wall_z_0": 0.29938046572846755, "250hz_wall_z_0": 0.19790828546909828, "500hz_wall_z_0": 0.09947707136727457, "1000hz_wall_z_0": 0.06973853568363729, "2000hz_wall_z_0": 0.05010658074847961, "4000hz_wall_z_0": 0.02155881078850372, "8000hz_wall_z_0": 0.02155881078850372, "16000hz_wall_z_0": 0.02155881078850372, "125hz_wall_z_1": 0.29938046572846755, "250hz_wall_z_1": 0.19790828546909828, "500hz_wall_z_1": 0.09947707136727457, "1000hz_wall_z_1": 0.06973853568363729, "2000hz_wall_z_1": 0.05010658074847961, "4000hz_wall_z_1": 0.02155881078850372, "8000hz_wall_z_1": 0.02155881078850372, "16000hz_wall_z_1": 0.02155881078850372}, "parameters_2D": [-0.7927029700466031, 0.5382685499961457]}