{"loss_end_value": 7.7043465804423015, "parameters": {"output_mode": "Stereo", "source_gain_db": 0, "render_line_of_sight": false, "source_x": 0.5, "source_y": 0.5, "source_z": 0.5, "listener_x": 0.5, "listener_y": 0.2, "listener_z": 0.5, "listener_pitch": 0.0, "listener_yaw": 0.0, "listener_roll": 0.0, "dimensions_x_m": 7, "dimensions_y_m": 6, "dimensions_z_m": 3, "125hz_wall_x_0": 0.6289042380300097, "250hz_wall_x_0": 0.32396467090738235, "500hz_wall_x_0": 0.1397647990868209, "1000hz_wall_x_0": 0.053305699684969815, "2000hz_wall_x_0": 0.05089465361933994, "4000hz_wall_x_0": 0.0163007706983388, "8000hz_wall_x_0": 0.0163007706983388, "16000hz_wall_x_0": 0.0163007706983388, "125hz_wall_x_1": 0.6289042380300097, "250hz_wall_x_1": 0.32396467090738235, "500hz_wall_x_1": 0.1397647990868209, "1000hz_wall_x_1": 0.053305699684969815, "2000hz_wall_x_1": 0.05089465361933994, "4000hz_wall_x_1": 0.0163007706983388, "8000hz_wall_x_1": 0.0163007706983388, "16000hz_wall_x_1": 0.0163007706983388, "125hz_wall_y_0": 0.6289042380300097, "250hz_wall_y_0": 0.32396467090738235, "500hz_wall_y_0": 0.1397647990868209, "1000hz_wall_y_0": 0.053305699684969815, "2000hz_wall_y_0": 0.05089465361933994, "4000hz_wall_y_0": 0.0163007706983388, "8000hz_wall_y_0": 0.0163007706983388, "16000hz_wall_y_0": 0.0163007706983388, "125hz_wall_y_1": 0.6289042380300097, "250hz_wall_y_1": 0.32396467090738235, "500hz_wall_y_1": 0.1397647990868209, "1000hz_wall_y_1": 0.053305699684969815, "2000hz_wall_y_1": 0.05089465361933994, "4000hz_wall_y_1": 0.0163007706983388, "8000hz_wall_y_1": 0.0163007706983388, "16000hz_wall_y_1": 0.0163007706983388, "125hz_wall_z_0": 0.6289042380300097, "250hz_wall_z_0": 0.32396467090738235, "500hz_wall_z_0": 0.1397647990868209, "1000hz_wall_z_0": 0.053305699684969815, "2000hz_wall_z_0": 0.05089465361933994, "4000hz_wall_z_0": 0.0163007706983388, "8000hz_wall_z_0": 0.0163007706983388, "16000hz_wall_z_0": 0.0163007706983388, "125hz_wall_z_1": 0.6289042380300097, "250hz_wall_z_1": 0.32396467090738235, "500hz_wall_z_1": 0.1397647990868209, "1000hz_wall_z_1": 0.053305699684969815, "2000hz_wall_z_1": 0.05089465361933994, "4000hz_wall_z_1": 0.0163007706983388, "8000hz_wall_z_1": 0.0163007706983388, "16000hz_wall_z_1": 0.0163007706983388}}