{"room_size": 0.2731205260193676, "damping": 0.6008847497660375, "width": 1.0, "scale": 0.36566572754226734}