{"room_size": 0.23177333432880848, "damping": 0.5825331440884435, "width": 0.0, "scale": 0.00292883787750501}