{"room_size": 0.08807175687876571, "damping": 1.0, "width": 0.922195979313216, "scale": 0.014997410819957322}