{"room_size": 0.031155694578671997, "damping": 0.8279774519814492, "width": 0.1560187253611246, "scale": 0.009436527652398023}