{"room_size": 0.12402133768497321, "damping": 0.47290741343051423, "width": 0.04309881681000478, "scale": 0.0021013692578913993}