{"room_size": 4.375632645501776, "reverberation_time_s": 0.13327277872401005, "lows_cutoff_frequency_hz": 1953.320242922851, "lows_q_factor": 0.01, "lows_gain_db_s": -35.242363568955334, "highs_cutoff_frequency_hz": 736.82630662564, "highs_q_factor": 0.6278674761331079, "highs_gain_db_s": -10.414465978848071, "dry_wet": 0.45119540962710014, "fade_in_time_s": 6.86882895056319}