{"room_size": 3.563652352034319, "reverberation_time_s": 0.1, "lows_cutoff_frequency_hz": 20000.0, "lows_q_factor": 0.9, "lows_gain_db_s": -24.044154764295996, "highs_cutoff_frequency_hz": 5755.568115897219, "highs_q_factor": 0.7124194245134807, "highs_gain_db_s": -52.3438191512051, "dry_wet": 0.6392820265498688, "fade_in_time_s": 4.618495797869443}