{"room_size": 30.0, "reverberation_time_s": 0.1, "lows_cutoff_frequency_hz": 14248.814210644035, "lows_q_factor": 0.40071692228399425, "lows_gain_db_s": -22.138350373231475, "highs_cutoff_frequency_hz": 4909.507327122181, "highs_q_factor": 0.40334314698483387, "highs_gain_db_s": -58.602833446505414, "dry_wet": 0.878764667749799, "fade_in_time_s": 9.0}