{"room_size": 0.6405713458252646, "damping": 1.0, "width": 0.9194286694956377, "scale": 0.015136363495474406}