{"room_size": 0.6068282246281882, "damping": 1.0, "width": 1.0, "scale": 0.18059478966216927}