{"room_size": 0.6081176180310086, "damping": 1.0, "width": 0.0, "scale": 0.3832211780255634}