{"room_size": 0.01334477963218382, "damping": 1.0, "width": 0.5817539245750337, "scale": 0.36958749599486834}