{"room_size": 0.7203342567637528, "damping": 0.5294624167653108, "width": 1.0, "scale": 0.10845562517214255}