{"room_size": 0.6563937708505183, "damping": 0.37279080779282453, "width": 0.7432797964688724, "scale": 0.07781230588765288}