{"room_size": 0.6975477854947137, "damping": 0.3009021688937134, "width": 0.0, "scale": 0.07406473836970727}