{"room_size": 0.7371551674992429, "damping": 0.6255047249380963, "width": 0.5244332148652253, "scale": 0.33582325162287835}