{"room_size": 0.732499277490144, "damping": 0.6437598463990687, "width": 1.0, "scale": 0.16051912531850265}