{"room_size": 0.5326837297330539, "damping": 0.25895230437636885, "width": 1.0, "scale": 0.05633632567345107}