{"room_size": 0.6798683623520538, "damping": 0.39761691732543725, "width": 0.6974949543323016, "scale": 0.07808065483290058}