{"room_size": 0.6388246275929155, "damping": 0.3029486177600129, "width": 0.0, "scale": 0.10528004131642231}