{"room_size": 0.25290009657304097, "damping": 0.44836022977733286, "width": 0.5069989399465925, "scale": 0.0016399868354796342}