{"room_size": 0.001968288176958288, "damping": 0.7357843590935461, "width": 0.6084326069134514, "scale": 0.004800319682489747}