{"room_size": 0.018731814242654597, "damping": 0.7640578312242302, "width": 0.1871892460886547, "scale": 0.005664359447766699}