{"room_size": 0.08891913331047312, "damping": 0.43624391710216937, "width": 0.41994911436688614, "scale": 0.001969230240175931}