{"room_size": 0.0, "damping": 1.0, "width": 0.034855779489032505, "scale": 0.01038547454574301}