{"room_size": 0.0, "damping": 0.8606786965919876, "width": 0.7961697505960676, "scale": 0.010067090139565459}