{"room_size": 0.030088338663572006, "damping": 0.30354494822218175, "width": 1.0, "scale": 0.001603529126205971}