{"room_size": 0.0, "damping": 0.41059127812437773, "width": 0.02738215533217374, "scale": 0.003110639736050067}