{"room_size": 0.0, "damping": 1.0, "width": 0.8695052385770558, "scale": 0.019874095838237734}