{"room_size": 0.024769615237824175, "damping": 0.6087490021426921, "width": 0.9801460686981354, "scale": 0.003268806670060275}