{"room_size": 1.0, "reverberation_time_s": 9.0, "lows_cutoff_frequency_hz": 12306.252596234473, "lows_q_factor": 0.7718756991862654, "lows_gain_db_s": -70.26669125251492, "highs_cutoff_frequency_hz": 6019.396217556345, "highs_q_factor": 0.6961519252892177, "highs_gain_db_s": -51.87561517286452, "fade_in_time_s": 0.0, "scale": 0.5246783886983011}