{"room_size": 0.28754494456366486, "damping": 1.0, "width": 0.0, "scale": 0.7936515963202958}