{"room_size": 0.2843678983314426, "damping": 1.0, "width": 0.9140565305581655, "scale": 0.43172226629242644}