{"room_size": 0.2920635970769516, "damping": 1.0, "width": 0.8894064607169967, "scale": 0.41425393475541117}