{"room_size": 0.28511323703251673, "damping": 1.0, "width": 0.8932539369034102, "scale": 0.4360046981340434}