{"room_size": 0.4875517369299933, "damping": 0.8865519025401705, "width": 0.8644669033655701, "scale": 0.09308829622783751}