{"room_size": 0.5531801168927614, "damping": 1.0, "width": 0.7904149288804451, "scale": 0.06374130356933973}