{"room_size": 0.49938271170633425, "damping": 0.6655312711142518, "width": 1.0, "scale": 0.053399085155462926}