{"room_size": 0.4969705877624916, "damping": 0.8416512090816183, "width": 1.0, "scale": 0.05356804451646167}