{"room_size": 0.5152940507289321, "damping": 0.9631006485202918, "width": 0.0, "scale": 0.16696416381828788}