{"room_size": 0.5495266180617646, "damping": 1.0, "width": 0.0, "scale": 0.21085603586300689}