{"room_size": 0.5931713458502291, "damping": 1.0, "width": 1.0, "scale": 0.23295300786699563}