{"room_size": 0.5684101332619512, "damping": 1.0, "width": 0.0, "scale": 0.3262172354058959}