{"room_size": 0.5878742083266955, "damping": 1.0, "width": 0.3135154391649808, "scale": 0.22436967667183988}