{"room_size": 0.5163975218729115, "damping": 0.954988683415232, "width": 1.0, "scale": 0.05161150258208078}